trial,N,S,method,K_eff,kl,top1_agrees_with_dense,answer_correct_base,answer_correct_drop,answer_changed_vs_dense
0,2,33,dense,33,0.0,1,1,1,0
0,2,33,fixed_K2,31,0.012702420353889465,1,1,0,1
0,2,33,fixed_K3,31,0.012702420353889465,1,1,0,1
0,2,33,fixed_K4,31,0.012702420353889465,1,1,0,1
0,2,33,fixed_K6,31,0.012702420353889465,1,1,0,1
0,2,33,keep_all_relevant,31,0.012702420353889465,1,1,0,1
0,3,36,dense,36,0.0,1,1,1,0
0,3,36,fixed_K2,31,0.05721613019704819,1,1,0,1
0,3,36,fixed_K3,32,0.03591931611299515,1,1,0,1
0,3,36,fixed_K4,32,0.03591931611299515,1,1,0,1
0,3,36,fixed_K6,32,0.03591931611299515,1,1,0,1
0,3,36,keep_all_relevant,32,0.03591931611299515,1,1,0,1
0,4,39,dense,39,0.0,1,1,1,0
0,4,39,fixed_K2,31,0.06490166485309601,1,1,0,1
0,4,39,fixed_K3,32,0.03448743745684624,1,1,0,1
0,4,39,fixed_K4,33,0.021624863147735596,1,1,0,1
0,4,39,fixed_K6,33,0.021624863147735596,1,1,0,1
0,4,39,keep_all_relevant,33,0.021624863147735596,1,1,0,1
0,5,42,dense,42,0.0,1,0,0,0
0,5,42,fixed_K2,31,0.075201615691185,1,0,0,0
0,5,42,fixed_K3,32,0.07409199327230453,1,0,0,1
0,5,42,fixed_K4,33,0.05016167461872101,1,0,0,1
0,5,42,fixed_K6,34,0.04749521240592003,1,0,0,1
0,5,42,keep_all_relevant,34,0.04749521240592003,1,0,0,1
0,6,45,dense,45,0.0,1,0,0,0
0,6,45,fixed_K2,31,0.05505786091089249,1,0,0,1
0,6,45,fixed_K3,32,0.10453441739082336,1,0,0,1
0,6,45,fixed_K4,33,0.045540906488895416,1,0,0,1
0,6,45,fixed_K6,35,0.03823046386241913,1,0,0,1
0,6,45,keep_all_relevant,35,0.03823046386241913,1,0,0,1
0,8,51,dense,51,0.0,1,0,0,0
0,8,51,fixed_K2,31,0.09758193045854568,1,0,0,1
0,8,51,fixed_K3,32,0.08029519766569138,1,0,0,1
0,8,51,fixed_K4,33,0.08001372218132019,1,0,0,1
0,8,51,fixed_K6,35,0.06539184600114822,1,0,0,1
0,8,51,keep_all_relevant,37,0.035417716950178146,1,0,0,1
0,10,57,dense,57,0.0,1,0,0,0
0,10,57,fixed_K2,31,0.09467201679944992,1,0,0,1
0,10,57,fixed_K3,32,0.0879192054271698,1,0,0,1
0,10,57,fixed_K4,33,0.06065047159790993,1,0,0,1
0,10,57,fixed_K6,35,0.061617616564035416,1,0,0,0
0,10,57,keep_all_relevant,39,0.029990117996931076,1,0,0,0
0,12,63,dense,63,0.0,1,0,0,0
0,12,63,fixed_K2,31,0.1342393010854721,1,0,0,1
0,12,63,fixed_K3,32,0.08574278652667999,1,0,0,1
0,12,63,fixed_K4,33,0.09323249012231827,1,0,0,1
0,12,63,fixed_K6,35,0.07276836782693863,1,0,0,1
0,12,63,keep_all_relevant,41,0.021861055865883827,1,0,0,0
0,16,75,dense,75,0.0,1,0,0,0
0,16,75,fixed_K2,31,0.17715078592300415,1,0,0,1
0,16,75,fixed_K3,32,0.10403353720903397,1,0,0,1
0,16,75,fixed_K4,33,0.09469383209943771,1,0,0,1
0,16,75,fixed_K6,35,0.11200196295976639,1,0,0,1
0,16,75,keep_all_relevant,45,0.0441398099064827,1,0,0,1
1,2,33,dense,33,0.0,1,1,1,0
1,2,33,fixed_K2,31,0.014374807476997375,1,1,0,1
1,2,33,fixed_K3,31,0.014374807476997375,1,1,0,1
1,2,33,fixed_K4,31,0.014374807476997375,1,1,0,1
1,2,33,fixed_K6,31,0.014374807476997375,1,1,0,1
1,2,33,keep_all_relevant,31,0.014374807476997375,1,1,0,1
1,3,36,dense,36,0.0,1,0,0,0
1,3,36,fixed_K2,31,0.04133343696594238,1,0,0,1
1,3,36,fixed_K3,32,0.03665084391832352,1,0,0,1
1,3,36,fixed_K4,32,0.03665084391832352,1,0,0,1
1,3,36,fixed_K6,32,0.03665084391832352,1,0,0,1
1,3,36,keep_all_relevant,32,0.03665084391832352,1,0,0,1
1,4,39,dense,39,0.0,1,1,1,0
1,4,39,fixed_K2,31,0.046457212418317795,1,1,1,0
1,4,39,fixed_K3,32,0.03900420293211937,1,1,0,1
1,4,39,fixed_K4,33,0.02822069451212883,1,1,0,1
1,4,39,fixed_K6,33,0.02822069451212883,1,1,0,1
1,4,39,keep_all_relevant,33,0.02822069451212883,1,1,0,1
1,5,42,dense,42,0.0,1,0,0,0
1,5,42,fixed_K2,31,0.0590844601392746,1,0,0,1
1,5,42,fixed_K3,32,0.07239554822444916,1,0,0,1
1,5,42,fixed_K4,33,0.035716116428375244,1,0,0,1
1,5,42,fixed_K6,34,0.02815074473619461,1,0,1,1
1,5,42,keep_all_relevant,34,0.02815074473619461,1,0,1,1
1,6,45,dense,45,0.0,1,0,0,0
1,6,45,fixed_K2,31,0.06495942175388336,1,0,0,1
1,6,45,fixed_K3,32,0.07919613271951675,1,0,0,1
1,6,45,fixed_K4,33,0.06692005693912506,1,0,0,1
1,6,45,fixed_K6,35,0.035802211612463,1,0,0,0
1,6,45,keep_all_relevant,35,0.035802211612463,1,0,0,0
1,8,51,dense,51,0.0,1,0,0,0
1,8,51,fixed_K2,31,0.09211532771587372,1,0,0,1
1,8,51,fixed_K3,32,0.07918916642665863,1,0,0,1
1,8,51,fixed_K4,33,0.08260618895292282,1,0,0,1
1,8,51,fixed_K6,35,0.06042394042015076,1,0,0,1
1,8,51,keep_all_relevant,37,0.03786490857601166,1,0,0,0
1,10,57,dense,57,0.0,1,0,0,0
1,10,57,fixed_K2,31,0.07300932705402374,1,0,0,1
1,10,57,fixed_K3,32,0.10505937039852142,1,0,0,1
1,10,57,fixed_K4,33,0.07133690267801285,1,0,0,1
1,10,57,fixed_K6,35,0.05871600657701492,1,0,0,1
1,10,57,keep_all_relevant,39,0.0330447256565094,1,0,0,1
1,12,63,dense,63,0.0,1,0,0,0
1,12,63,fixed_K2,31,0.105709508061409,1,0,0,1
1,12,63,fixed_K3,32,0.08421028405427933,1,0,0,1
1,12,63,fixed_K4,33,0.08903355151414871,1,0,0,1
1,12,63,fixed_K6,35,0.05383048206567764,1,0,0,1
1,12,63,keep_all_relevant,41,0.014245957136154175,1,0,0,1
1,16,75,dense,75,0.0,1,0,0,0
1,16,75,fixed_K2,31,0.1263110339641571,1,0,0,1
1,16,75,fixed_K3,32,0.09530524909496307,1,0,0,1
1,16,75,fixed_K4,33,0.1406303346157074,1,0,0,1
1,16,75,fixed_K6,35,0.06024353206157684,1,0,0,1
1,16,75,keep_all_relevant,45,0.031067904084920883,1,0,0,0
2,2,33,dense,33,0.0,1,1,1,0
2,2,33,fixed_K2,31,0.02105329930782318,1,1,0,1
2,2,33,fixed_K3,31,0.02105329930782318,1,1,0,1
2,2,33,fixed_K4,31,0.02105329930782318,1,1,0,1
2,2,33,fixed_K6,31,0.02105329930782318,1,1,0,1
2,2,33,keep_all_relevant,31,0.02105329930782318,1,1,0,1
2,3,36,dense,36,0.0,1,1,1,0
2,3,36,fixed_K2,31,0.04787778481841087,1,1,0,1
2,3,36,fixed_K3,32,0.02782631665468216,1,1,0,1
2,3,36,fixed_K4,32,0.02782631665468216,1,1,0,1
2,3,36,fixed_K6,32,0.02782631665468216,1,1,0,1
2,3,36,keep_all_relevant,32,0.02782631665468216,1,1,0,1
2,4,39,dense,39,0.0,1,1,1,0
2,4,39,fixed_K2,31,0.04111123085021973,1,1,0,1
2,4,39,fixed_K3,32,0.03821675851941109,1,1,0,1
2,4,39,fixed_K4,33,0.032167114317417145,1,1,0,1
2,4,39,fixed_K6,33,0.032167114317417145,1,1,0,1
2,4,39,keep_all_relevant,33,0.032167114317417145,1,1,0,1
2,5,42,dense,42,0.0,1,0,0,0
2,5,42,fixed_K2,31,0.06229986622929573,1,0,0,1
2,5,42,fixed_K3,32,0.05406782031059265,1,0,0,1
2,5,42,fixed_K4,33,0.04022665694355965,1,0,0,1
2,5,42,fixed_K6,34,0.032272011041641235,1,0,0,1
2,5,42,keep_all_relevant,34,0.032272011041641235,1,0,0,1
2,6,45,dense,45,0.0,1,0,0,0
2,6,45,fixed_K2,31,0.07678033411502838,1,0,0,1
2,6,45,fixed_K3,32,0.05745069682598114,1,0,0,1
2,6,45,fixed_K4,33,0.06502896547317505,1,0,0,1
2,6,45,fixed_K6,35,0.035674676299095154,1,0,0,1
2,6,45,keep_all_relevant,35,0.035674676299095154,1,0,0,1
2,8,51,dense,51,0.0,1,0,0,0
2,8,51,fixed_K2,31,0.09492282569408417,1,0,0,1
2,8,51,fixed_K3,32,0.10823863744735718,1,0,0,1
2,8,51,fixed_K4,33,0.10348166525363922,1,0,0,1
2,8,51,fixed_K6,35,0.07671002298593521,1,0,0,1
2,8,51,keep_all_relevant,37,0.040116265416145325,1,0,0,0
2,10,57,dense,57,0.0,1,0,0,0
2,10,57,fixed_K2,31,0.08422060310840607,1,0,0,1
2,10,57,fixed_K3,32,0.09671970456838608,1,0,0,1
2,10,57,fixed_K4,33,0.059049397706985474,1,0,0,1
2,10,57,fixed_K6,35,0.03735440969467163,1,0,0,1
2,10,57,keep_all_relevant,39,0.02191445417702198,1,0,0,0
2,12,63,dense,63,0.0,1,0,0,0
2,12,63,fixed_K2,31,0.09530885517597198,1,0,0,1
2,12,63,fixed_K3,32,0.06017157435417175,1,0,0,1
2,12,63,fixed_K4,33,0.07012780010700226,1,0,0,1
2,12,63,fixed_K6,35,0.05664154142141342,1,0,0,1
2,12,63,keep_all_relevant,41,0.03858345374464989,1,0,0,1
2,16,75,dense,75,0.0,1,0,0,0
2,16,75,fixed_K2,31,0.14059478044509888,1,0,0,1
2,16,75,fixed_K3,32,0.17285358905792236,1,0,0,1
2,16,75,fixed_K4,33,0.11144933104515076,1,0,0,1
2,16,75,fixed_K6,35,0.07199094444513321,1,0,0,1
2,16,75,keep_all_relevant,45,0.029081720858812332,1,0,0,0
3,2,33,dense,33,0.0,1,1,1,0
3,2,33,fixed_K2,31,0.02527940832078457,1,1,0,1
3,2,33,fixed_K3,31,0.02527940832078457,1,1,0,1
3,2,33,fixed_K4,31,0.02527940832078457,1,1,0,1
3,2,33,fixed_K6,31,0.02527940832078457,1,1,0,1
3,2,33,keep_all_relevant,31,0.02527940832078457,1,1,0,1
3,3,36,dense,36,0.0,1,1,1,0
3,3,36,fixed_K2,31,0.05268912389874458,1,1,1,0
3,3,36,fixed_K3,32,0.04379275441169739,1,1,1,0
3,3,36,fixed_K4,32,0.04379275441169739,1,1,1,0
3,3,36,fixed_K6,32,0.04379275441169739,1,1,1,0
3,3,36,keep_all_relevant,32,0.04379275441169739,1,1,1,0
3,4,39,dense,39,0.0,1,0,0,0
3,4,39,fixed_K2,31,0.05717380344867706,1,0,0,0
3,4,39,fixed_K3,32,0.046323783695697784,1,0,0,1
3,4,39,fixed_K4,33,0.027294734492897987,1,0,0,0
3,4,39,fixed_K6,33,0.027294734492897987,1,0,0,0
3,4,39,keep_all_relevant,33,0.027294734492897987,1,0,0,0
3,5,42,dense,42,0.0,1,0,0,0
3,5,42,fixed_K2,31,0.09194967150688171,1,0,0,1
3,5,42,fixed_K3,32,0.06141103059053421,1,0,0,1
3,5,42,fixed_K4,33,0.04774273931980133,1,0,0,1
3,5,42,fixed_K6,34,0.05952194705605507,1,0,0,0
3,5,42,keep_all_relevant,34,0.05952194705605507,1,0,0,0
3,6,45,dense,45,0.0,1,0,0,0
3,6,45,fixed_K2,31,0.082028828561306,1,0,0,1
3,6,45,fixed_K3,32,0.057386964559555054,1,0,0,1
3,6,45,fixed_K4,33,0.043107450008392334,1,0,0,1
3,6,45,fixed_K6,35,0.024098118767142296,1,0,0,1
3,6,45,keep_all_relevant,35,0.024098118767142296,1,0,0,1
3,8,51,dense,51,0.0,1,0,0,0
3,8,51,fixed_K2,31,0.058410435914993286,1,0,0,1
3,8,51,fixed_K3,32,0.07665048539638519,1,0,0,1
3,8,51,fixed_K4,33,0.04190331697463989,1,0,0,1
3,8,51,fixed_K6,35,0.05138414353132248,1,0,0,1
3,8,51,keep_all_relevant,37,0.027962949126958847,1,0,0,0
3,10,57,dense,57,0.0,1,0,0,0
3,10,57,fixed_K2,31,0.10619929432868958,1,0,0,1
3,10,57,fixed_K3,32,0.11323907226324081,1,0,0,1
3,10,57,fixed_K4,33,0.06928817182779312,1,0,0,1
3,10,57,fixed_K6,35,0.0833129957318306,1,0,0,1
3,10,57,keep_all_relevant,39,0.025218792259693146,1,0,0,1
3,12,63,dense,63,0.0,1,0,0,0
3,12,63,fixed_K2,31,0.06719423830509186,1,0,0,1
3,12,63,fixed_K3,32,0.09564609080553055,1,0,0,1
3,12,63,fixed_K4,33,0.09819594770669937,1,0,0,1
3,12,63,fixed_K6,35,0.07792841643095016,1,0,0,1
3,12,63,keep_all_relevant,41,0.027223506942391396,1,0,0,1
3,16,75,dense,75,0.0,1,0,0,0
3,16,75,fixed_K2,31,0.18076959252357483,1,0,0,1
3,16,75,fixed_K3,32,0.10943096876144409,1,0,0,1
3,16,75,fixed_K4,33,0.059517256915569305,1,0,0,1
3,16,75,fixed_K6,35,0.06098032370209694,1,0,0,1
3,16,75,keep_all_relevant,45,0.05898413434624672,1,0,0,1
4,2,33,dense,33,0.0,1,1,1,0
4,2,33,fixed_K2,31,0.012702420353889465,1,1,0,1
4,2,33,fixed_K3,31,0.012702420353889465,1,1,0,1
4,2,33,fixed_K4,31,0.012702420353889465,1,1,0,1
4,2,33,fixed_K6,31,0.012702420353889465,1,1,0,1
4,2,33,keep_all_relevant,31,0.012702420353889465,1,1,0,1
4,3,36,dense,36,0.0,1,1,1,0
4,3,36,fixed_K2,31,0.03970623016357422,1,1,1,0
4,3,36,fixed_K3,32,0.013893146067857742,1,1,1,0
4,3,36,fixed_K4,32,0.013893146067857742,1,1,1,0
4,3,36,fixed_K6,32,0.013893146067857742,1,1,1,0
4,3,36,keep_all_relevant,32,0.013893146067857742,1,1,1,0
4,4,39,dense,39,0.0,1,0,0,0
4,4,39,fixed_K2,31,0.05839446187019348,1,0,1,1
4,4,39,fixed_K3,32,0.04664954915642738,1,0,0,1
4,4,39,fixed_K4,33,0.031553130596876144,1,0,1,1
4,4,39,fixed_K6,33,0.031553130596876144,1,0,1,1
4,4,39,keep_all_relevant,33,0.031553130596876144,1,0,1,1
4,5,42,dense,42,0.0,1,1,1,0
4,5,42,fixed_K2,31,0.1368538737297058,1,1,0,1
4,5,42,fixed_K3,32,0.07257452607154846,1,1,0,1
4,5,42,fixed_K4,33,0.03201725333929062,1,1,1,0
4,5,42,fixed_K6,34,0.030474163591861725,1,1,0,1
4,5,42,keep_all_relevant,34,0.030474163591861725,1,1,0,1
4,6,45,dense,45,0.0,1,0,0,0
4,6,45,fixed_K2,31,0.06942500174045563,1,0,1,1
4,6,45,fixed_K3,32,0.06508295238018036,1,0,1,1
4,6,45,fixed_K4,33,0.03179025277495384,1,0,0,1
4,6,45,fixed_K6,35,0.02471471019089222,1,0,0,1
4,6,45,keep_all_relevant,35,0.02471471019089222,1,0,0,1
4,8,51,dense,51,0.0,1,0,0,0
4,8,51,fixed_K2,31,0.09417137503623962,1,0,0,1
4,8,51,fixed_K3,32,0.07219889760017395,1,0,0,1
4,8,51,fixed_K4,33,0.06599888205528259,1,0,0,1
4,8,51,fixed_K6,35,0.06999396532773972,1,0,0,1
4,8,51,keep_all_relevant,37,0.02108749747276306,1,0,0,0
4,10,57,dense,57,0.0,1,0,0,0
4,10,57,fixed_K2,31,0.11053995043039322,1,0,0,1
4,10,57,fixed_K3,32,0.074736587703228,1,0,0,1
4,10,57,fixed_K4,33,0.10588982701301575,1,0,0,1
4,10,57,fixed_K6,35,0.04451312497258186,1,0,0,1
4,10,57,keep_all_relevant,39,0.018497388809919357,1,0,0,1
4,12,63,dense,63,0.0,1,0,0,0
4,12,63,fixed_K2,31,0.10793019831180573,1,0,0,1
4,12,63,fixed_K3,32,0.10126204043626785,1,0,0,1
4,12,63,fixed_K4,33,0.09226002544164658,1,0,0,1
4,12,63,fixed_K6,35,0.09214131534099579,1,0,0,1
4,12,63,keep_all_relevant,41,0.0422428622841835,1,0,0,0
4,16,75,dense,75,0.0,1,0,0,0
4,16,75,fixed_K2,31,0.13024401664733887,1,0,0,1
4,16,75,fixed_K3,32,0.061001457273960114,1,0,0,1
4,16,75,fixed_K4,33,0.19513776898384094,1,0,0,1
4,16,75,fixed_K6,35,0.11324642598628998,1,0,0,1
4,16,75,keep_all_relevant,45,0.039316363632678986,1,0,0,1
5,2,33,dense,33,0.0,1,1,1,0
5,2,33,fixed_K2,31,0.011958712711930275,1,1,0,1
5,2,33,fixed_K3,31,0.011958712711930275,1,1,0,1
5,2,33,fixed_K4,31,0.011958712711930275,1,1,0,1
5,2,33,fixed_K6,31,0.011958712711930275,1,1,0,1
5,2,33,keep_all_relevant,31,0.011958712711930275,1,1,0,1
5,3,36,dense,36,0.0,1,1,1,0
5,3,36,fixed_K2,31,0.06587757915258408,1,1,0,1
5,3,36,fixed_K3,32,0.013893146067857742,1,1,1,0
5,3,36,fixed_K4,32,0.013893146067857742,1,1,1,0
5,3,36,fixed_K6,32,0.013893146067857742,1,1,1,0
5,3,36,keep_all_relevant,32,0.013893146067857742,1,1,1,0
5,4,39,dense,39,0.0,1,1,1,0
5,4,39,fixed_K2,31,0.05734238773584366,1,1,0,1
5,4,39,fixed_K3,32,0.048584818840026855,1,1,0,1
5,4,39,fixed_K4,33,0.023482274264097214,1,1,0,1
5,4,39,fixed_K6,33,0.023482274264097214,1,1,0,1
5,4,39,keep_all_relevant,33,0.023482274264097214,1,1,0,1
5,5,42,dense,42,0.0,1,0,0,0
5,5,42,fixed_K2,31,0.05329965054988861,1,0,0,1
5,5,42,fixed_K3,32,0.026730313897132874,1,0,0,1
5,5,42,fixed_K4,33,0.03431902080774307,1,0,1,1
5,5,42,fixed_K6,34,0.029421083629131317,1,0,0,1
5,5,42,keep_all_relevant,34,0.029421083629131317,1,0,0,1
5,6,45,dense,45,0.0,1,0,0,0
5,6,45,fixed_K2,31,0.09358100593090057,1,0,0,1
5,6,45,fixed_K3,32,0.043194983154535294,1,0,0,1
5,6,45,fixed_K4,33,0.047759633511304855,1,0,0,1
5,6,45,fixed_K6,35,0.03055509924888611,1,0,0,1
5,6,45,keep_all_relevant,35,0.03055509924888611,1,0,0,1
5,8,51,dense,51,0.0,1,0,0,0
5,8,51,fixed_K2,31,0.09358279407024384,1,0,0,1
5,8,51,fixed_K3,32,0.08766980469226837,1,0,0,1
5,8,51,fixed_K4,33,0.09229831397533417,1,0,0,1
5,8,51,fixed_K6,35,0.057389996945858,1,0,0,1
5,8,51,keep_all_relevant,37,0.030338704586029053,1,0,0,1
5,10,57,dense,57,0.0,1,0,0,0
5,10,57,fixed_K2,31,0.0685684084892273,1,0,0,1
5,10,57,fixed_K3,32,0.06877248734235764,1,0,0,1
5,10,57,fixed_K4,33,0.05046998709440231,1,0,0,1
5,10,57,fixed_K6,35,0.05858699232339859,1,0,0,1
5,10,57,keep_all_relevant,39,0.028552021831274033,1,0,0,1
5,12,63,dense,63,0.0,1,0,0,0
5,12,63,fixed_K2,31,0.20585602521896362,1,0,0,1
5,12,63,fixed_K3,32,0.0824471041560173,1,0,0,1
5,12,63,fixed_K4,33,0.10046586394309998,1,0,0,1
5,12,63,fixed_K6,35,0.06784828007221222,1,0,0,1
5,12,63,keep_all_relevant,41,0.03532607480883598,1,0,0,1
5,16,75,dense,75,0.0,1,0,0,0
5,16,75,fixed_K2,31,0.20633992552757263,1,0,0,1
5,16,75,fixed_K3,32,0.22697265446186066,1,0,0,1
5,16,75,fixed_K4,33,0.09361156821250916,1,0,0,1
5,16,75,fixed_K6,35,0.11859472841024399,1,0,0,1
5,16,75,keep_all_relevant,45,0.025447700172662735,1,0,0,1
6,2,33,dense,33,0.0,1,1,1,0
6,2,33,fixed_K2,31,0.02527940832078457,1,1,0,1
6,2,33,fixed_K3,31,0.02527940832078457,1,1,0,1
6,2,33,fixed_K4,31,0.02527940832078457,1,1,0,1
6,2,33,fixed_K6,31,0.02527940832078457,1,1,0,1
6,2,33,keep_all_relevant,31,0.02527940832078457,1,1,0,1
6,3,36,dense,36,0.0,1,1,1,0
6,3,36,fixed_K2,31,0.07409540563821793,1,1,1,0
6,3,36,fixed_K3,32,0.01954033598303795,1,1,0,1
6,3,36,fixed_K4,32,0.01954033598303795,1,1,0,1
6,3,36,fixed_K6,32,0.01954033598303795,1,1,0,1
6,3,36,keep_all_relevant,32,0.01954033598303795,1,1,0,1
6,4,39,dense,39,0.0,1,0,0,0
6,4,39,fixed_K2,31,0.052383799105882645,1,0,0,1
6,4,39,fixed_K3,32,0.07270553708076477,1,0,0,1
6,4,39,fixed_K4,33,0.02719157561659813,1,0,0,1
6,4,39,fixed_K6,33,0.02719157561659813,1,0,0,1
6,4,39,keep_all_relevant,33,0.02719157561659813,1,0,0,1
6,5,42,dense,42,0.0,1,0,0,0
6,5,42,fixed_K2,31,0.05323679372668266,1,0,0,1
6,5,42,fixed_K3,32,0.07435240596532822,1,0,0,1
6,5,42,fixed_K4,33,0.046303462237119675,1,0,0,1
6,5,42,fixed_K6,34,0.04890250414609909,1,0,0,1
6,5,42,keep_all_relevant,34,0.04890250414609909,1,0,0,1
6,6,45,dense,45,0.0,1,0,0,0
6,6,45,fixed_K2,31,0.05382823944091797,1,0,0,1
6,6,45,fixed_K3,32,0.05551774427294731,1,0,0,1
6,6,45,fixed_K4,33,0.0590907484292984,1,0,0,1
6,6,45,fixed_K6,35,0.031969960778951645,1,0,0,1
6,6,45,keep_all_relevant,35,0.031969960778951645,1,0,0,1
6,8,51,dense,51,0.0,1,0,0,0
6,8,51,fixed_K2,31,0.06878861784934998,1,0,0,0
6,8,51,fixed_K3,32,0.08336614817380905,1,0,0,1
6,8,51,fixed_K4,33,0.07975573092699051,1,0,0,1
6,8,51,fixed_K6,35,0.046574342995882034,1,0,0,1
6,8,51,keep_all_relevant,37,0.025966551154851913,1,0,0,0
6,10,57,dense,57,0.0,1,0,0,0
6,10,57,fixed_K2,31,0.0855063870549202,1,0,0,1
6,10,57,fixed_K3,32,0.07448342442512512,1,0,0,1
6,10,57,fixed_K4,33,0.06946808844804764,1,0,0,1
6,10,57,fixed_K6,35,0.05295731872320175,1,0,0,1
6,10,57,keep_all_relevant,39,0.040835145860910416,1,0,0,1
6,12,63,dense,63,0.0,1,0,0,0
6,12,63,fixed_K2,31,0.1511652022600174,1,0,0,1
6,12,63,fixed_K3,32,0.08290639519691467,1,0,0,1
6,12,63,fixed_K4,33,0.05752624198794365,1,0,0,1
6,12,63,fixed_K6,35,0.03713643178343773,1,0,0,1
6,12,63,keep_all_relevant,41,0.02776682749390602,1,0,0,1
6,16,75,dense,75,0.0,1,0,0,0
6,16,75,fixed_K2,31,0.15790769457817078,1,0,0,1
6,16,75,fixed_K3,32,0.13957759737968445,1,0,0,1
6,16,75,fixed_K4,33,0.12477956712245941,1,0,0,1
6,16,75,fixed_K6,35,0.07309318333864212,1,0,0,1
6,16,75,keep_all_relevant,45,0.038724131882190704,1,0,0,0
7,2,33,dense,33,0.0,1,1,1,0
7,2,33,fixed_K2,31,0.022674094885587692,1,1,0,1
7,2,33,fixed_K3,31,0.022674094885587692,1,1,0,1
7,2,33,fixed_K4,31,0.022674094885587692,1,1,0,1
7,2,33,fixed_K6,31,0.022674094885587692,1,1,0,1
7,2,33,keep_all_relevant,31,0.022674094885587692,1,1,0,1
7,3,36,dense,36,0.0,1,1,1,0
7,3,36,fixed_K2,31,0.04746523126959801,1,1,0,1
7,3,36,fixed_K3,32,0.02408265322446823,1,1,0,1
7,3,36,fixed_K4,32,0.02408265322446823,1,1,0,1
7,3,36,fixed_K6,32,0.02408265322446823,1,1,0,1
7,3,36,keep_all_relevant,32,0.02408265322446823,1,1,0,1
7,4,39,dense,39,0.0,1,0,0,0
7,4,39,fixed_K2,31,0.050133783370256424,1,0,0,0
7,4,39,fixed_K3,32,0.03315317630767822,1,0,0,1
7,4,39,fixed_K4,33,0.030450114980340004,1,0,0,1
7,4,39,fixed_K6,33,0.030450114980340004,1,0,0,1
7,4,39,keep_all_relevant,33,0.030450114980340004,1,0,0,1
7,5,42,dense,42,0.0,1,0,0,0
7,5,42,fixed_K2,31,0.14317071437835693,1,0,0,1
7,5,42,fixed_K3,32,0.08395501226186752,1,0,0,1
7,5,42,fixed_K4,33,0.062326252460479736,1,0,0,1
7,5,42,fixed_K6,34,0.06905492395162582,1,0,0,1
7,5,42,keep_all_relevant,34,0.06905492395162582,1,0,0,1
7,6,45,dense,45,0.0,1,0,0,0
7,6,45,fixed_K2,31,0.10015515983104706,1,0,0,1
7,6,45,fixed_K3,32,0.10942330956459045,1,0,0,1
7,6,45,fixed_K4,33,0.05064576864242554,1,0,0,1
7,6,45,fixed_K6,35,0.02626604214310646,1,0,0,1
7,6,45,keep_all_relevant,35,0.02626604214310646,1,0,0,1
7,8,51,dense,51,0.0,1,1,1,0
7,8,51,fixed_K2,31,0.06844838708639145,1,1,0,1
7,8,51,fixed_K3,32,0.0691080316901207,1,1,0,1
7,8,51,fixed_K4,33,0.06774132698774338,1,1,0,1
7,8,51,fixed_K6,35,0.02611565962433815,1,1,0,1
7,8,51,keep_all_relevant,37,0.02262294292449951,1,1,1,0
7,10,57,dense,57,0.0,1,0,0,0
7,10,57,fixed_K2,31,0.08549043536186218,1,0,0,1
7,10,57,fixed_K3,32,0.12354439496994019,1,0,0,1
7,10,57,fixed_K4,33,0.08211885392665863,1,0,0,1
7,10,57,fixed_K6,35,0.07289204001426697,1,0,0,1
7,10,57,keep_all_relevant,39,0.02562602050602436,1,0,0,1
7,12,63,dense,63,0.0,1,0,0,0
7,12,63,fixed_K2,31,0.09750740230083466,1,0,0,1
7,12,63,fixed_K3,32,0.06712885946035385,1,0,0,1
7,12,63,fixed_K4,33,0.05351787805557251,1,0,0,1
7,12,63,fixed_K6,35,0.03923637419939041,1,0,0,1
7,12,63,keep_all_relevant,41,0.04469374567270279,1,0,0,1
7,16,75,dense,75,0.0,1,0,0,0
7,16,75,fixed_K2,31,0.2662860155105591,1,0,0,1
7,16,75,fixed_K3,32,0.10384728014469147,1,0,0,1
7,16,75,fixed_K4,33,0.09218089282512665,1,0,0,1
7,16,75,fixed_K6,35,0.09111671894788742,1,0,0,1
7,16,75,keep_all_relevant,45,0.030438987538218498,1,0,0,1
8,2,33,dense,33,0.0,1,1,1,0
8,2,33,fixed_K2,31,0.03374713659286499,1,1,0,1
8,2,33,fixed_K3,31,0.03374713659286499,1,1,0,1
8,2,33,fixed_K4,31,0.03374713659286499,1,1,0,1
8,2,33,fixed_K6,31,0.03374713659286499,1,1,0,1
8,2,33,keep_all_relevant,31,0.03374713659286499,1,1,0,1
8,3,36,dense,36,0.0,1,1,1,0
8,3,36,fixed_K2,31,0.07535624504089355,1,1,0,1
8,3,36,fixed_K3,32,0.026084788143634796,1,1,0,1
8,3,36,fixed_K4,32,0.026084788143634796,1,1,0,1
8,3,36,fixed_K6,32,0.026084788143634796,1,1,0,1
8,3,36,keep_all_relevant,32,0.026084788143634796,1,1,0,1
8,4,39,dense,39,0.0,1,1,1,0
8,4,39,fixed_K2,31,0.046457212418317795,1,1,1,0
8,4,39,fixed_K3,32,0.04722127318382263,1,1,0,1
8,4,39,fixed_K4,33,0.02822069451212883,1,1,0,1
8,4,39,fixed_K6,33,0.02822069451212883,1,1,0,1
8,4,39,keep_all_relevant,33,0.02822069451212883,1,1,0,1
8,5,42,dense,42,0.0,1,0,0,0
8,5,42,fixed_K2,31,0.060947682708501816,1,0,0,1
8,5,42,fixed_K3,32,0.05047085881233215,1,0,0,1
8,5,42,fixed_K4,33,0.0415985994040966,1,0,0,1
8,5,42,fixed_K6,34,0.04227566719055176,1,0,0,0
8,5,42,keep_all_relevant,34,0.04227566719055176,1,0,0,0
8,6,45,dense,45,0.0,1,0,0,0
8,6,45,fixed_K2,31,0.10811811685562134,1,0,0,1
8,6,45,fixed_K3,32,0.10698431730270386,1,0,0,1
8,6,45,fixed_K4,33,0.09326189756393433,1,0,0,1
8,6,45,fixed_K6,35,0.02445225790143013,1,0,0,1
8,6,45,keep_all_relevant,35,0.02445225790143013,1,0,0,1
8,8,51,dense,51,0.0,1,1,1,0
8,8,51,fixed_K2,31,0.10523156821727753,1,1,0,1
8,8,51,fixed_K3,32,0.09298203885555267,1,1,0,1
8,8,51,fixed_K4,33,0.09907269477844238,1,1,0,1
8,8,51,fixed_K6,35,0.04243827611207962,1,1,0,1
8,8,51,keep_all_relevant,37,0.02432183548808098,1,1,1,0
8,10,57,dense,57,0.0,1,0,0,0
8,10,57,fixed_K2,31,0.08436989784240723,1,0,0,1
8,10,57,fixed_K3,32,0.07433256506919861,1,0,0,1
8,10,57,fixed_K4,33,0.09667140245437622,1,0,0,1
8,10,57,fixed_K6,35,0.10993941128253937,1,0,0,1
8,10,57,keep_all_relevant,39,0.027070604264736176,1,0,0,0
8,12,63,dense,63,0.0,1,0,0,0
8,12,63,fixed_K2,31,0.07042555510997772,1,0,0,1
8,12,63,fixed_K3,32,0.08883398771286011,1,0,0,1
8,12,63,fixed_K4,33,0.14151819050312042,1,0,0,1
8,12,63,fixed_K6,35,0.06753882765769958,1,0,0,1
8,12,63,keep_all_relevant,41,0.03255739063024521,1,0,0,1
8,16,75,dense,75,0.0,1,0,0,0
8,16,75,fixed_K2,31,0.1788623034954071,1,0,0,1
8,16,75,fixed_K3,32,0.13741645216941833,1,0,0,1
8,16,75,fixed_K4,33,0.16344916820526123,1,0,0,1
8,16,75,fixed_K6,35,0.10863851755857468,1,0,0,1
8,16,75,keep_all_relevant,45,0.034708525985479355,1,0,0,1
9,2,33,dense,33,0.0,1,1,1,0
9,2,33,fixed_K2,31,0.014374807476997375,1,1,0,1
9,2,33,fixed_K3,31,0.014374807476997375,1,1,0,1
9,2,33,fixed_K4,31,0.014374807476997375,1,1,0,1
9,2,33,fixed_K6,31,0.014374807476997375,1,1,0,1
9,2,33,keep_all_relevant,31,0.014374807476997375,1,1,0,1
9,3,36,dense,36,0.0,1,1,1,0
9,3,36,fixed_K2,31,0.05298755317926407,1,1,0,1
9,3,36,fixed_K3,32,0.02687671035528183,1,1,1,0
9,3,36,fixed_K4,32,0.02687671035528183,1,1,1,0
9,3,36,fixed_K6,32,0.02687671035528183,1,1,1,0
9,3,36,keep_all_relevant,32,0.02687671035528183,1,1,1,0
9,4,39,dense,39,0.0,1,1,1,0
9,4,39,fixed_K2,31,0.05760451406240463,1,1,0,1
9,4,39,fixed_K3,32,0.05082277953624725,1,1,0,1
9,4,39,fixed_K4,33,0.0277006383985281,1,1,1,0
9,4,39,fixed_K6,33,0.0277006383985281,1,1,1,0
9,4,39,keep_all_relevant,33,0.0277006383985281,1,1,1,0
9,5,42,dense,42,0.0,1,0,0,0
9,5,42,fixed_K2,31,0.04751122370362282,1,0,0,1
9,5,42,fixed_K3,32,0.08871489763259888,1,0,0,1
9,5,42,fixed_K4,33,0.04826400429010391,1,0,0,1
9,5,42,fixed_K6,34,0.04188438132405281,1,0,0,1
9,5,42,keep_all_relevant,34,0.04188438132405281,1,0,0,1
9,6,45,dense,45,0.0,1,1,1,0
9,6,45,fixed_K2,31,0.06006476655602455,1,1,0,1
9,6,45,fixed_K3,32,0.05776048079133034,1,1,0,1
9,6,45,fixed_K4,33,0.03487268462777138,1,1,0,1
9,6,45,fixed_K6,35,0.04764359071850777,1,1,0,1
9,6,45,keep_all_relevant,35,0.04764359071850777,1,1,0,1
9,8,51,dense,51,0.0,1,1,1,0
9,8,51,fixed_K2,31,0.08103105425834656,1,1,0,1
9,8,51,fixed_K3,32,0.04977283626794815,1,1,0,1
9,8,51,fixed_K4,33,0.08382828533649445,1,1,0,1
9,8,51,fixed_K6,35,0.04703954979777336,1,1,0,1
9,8,51,keep_all_relevant,37,0.02740028314292431,1,1,1,0
9,10,57,dense,57,0.0,1,0,0,0
9,10,57,fixed_K2,31,0.06718868762254715,1,0,0,1
9,10,57,fixed_K3,32,0.052423980087041855,1,0,0,1
9,10,57,fixed_K4,33,0.06188947334885597,1,0,0,1
9,10,57,fixed_K6,35,0.06115404888987541,1,0,0,1
9,10,57,keep_all_relevant,39,0.0489724762737751,1,0,0,1
9,12,63,dense,63,0.0,1,0,0,0
9,12,63,fixed_K2,31,0.1502472162246704,1,0,0,1
9,12,63,fixed_K3,32,0.061606816947460175,1,0,0,1
9,12,63,fixed_K4,33,0.07179766893386841,1,0,0,1
9,12,63,fixed_K6,35,0.04871177300810814,1,0,0,1
9,12,63,keep_all_relevant,41,0.025483734905719757,1,0,0,1
9,16,75,dense,75,0.0,1,0,0,0
9,16,75,fixed_K2,31,0.07128114998340607,1,0,0,1
9,16,75,fixed_K3,32,0.08921888470649719,1,0,0,1
9,16,75,fixed_K4,33,0.07589738070964813,1,0,0,1
9,16,75,fixed_K6,35,0.07325640320777893,1,0,0,1
9,16,75,keep_all_relevant,45,0.025716062635183334,1,0,0,1
10,2,33,dense,33,0.0,1,1,1,0
10,2,33,fixed_K2,31,0.014374807476997375,1,1,0,1
10,2,33,fixed_K3,31,0.014374807476997375,1,1,0,1
10,2,33,fixed_K4,31,0.014374807476997375,1,1,0,1
10,2,33,fixed_K6,31,0.014374807476997375,1,1,0,1
10,2,33,keep_all_relevant,31,0.014374807476997375,1,1,0,1
10,3,36,dense,36,0.0,1,1,1,0
10,3,36,fixed_K2,31,0.035529471933841705,1,1,0,1
10,3,36,fixed_K3,32,0.017496511340141296,1,1,0,1
10,3,36,fixed_K4,32,0.017496511340141296,1,1,0,1
10,3,36,fixed_K6,32,0.017496511340141296,1,1,0,1
10,3,36,keep_all_relevant,32,0.017496511340141296,1,1,0,1
10,4,39,dense,39,0.0,1,0,0,0
10,4,39,fixed_K2,31,0.046871863305568695,1,0,0,0
10,4,39,fixed_K3,32,0.0603666752576828,1,0,0,1
10,4,39,fixed_K4,33,0.03668773174285889,1,0,0,1
10,4,39,fixed_K6,33,0.03668773174285889,1,0,0,1
10,4,39,keep_all_relevant,33,0.03668773174285889,1,0,0,1
10,5,42,dense,42,0.0,1,0,0,0
10,5,42,fixed_K2,31,0.08328995108604431,1,0,0,1
10,5,42,fixed_K3,32,0.12067574262619019,1,0,0,1
10,5,42,fixed_K4,33,0.06738371402025223,1,0,0,1
10,5,42,fixed_K6,34,0.046074870973825455,1,0,0,1
10,5,42,keep_all_relevant,34,0.046074870973825455,1,0,0,1
10,6,45,dense,45,0.0,1,1,1,0
10,6,45,fixed_K2,31,0.07333943992853165,1,1,0,1
10,6,45,fixed_K3,32,0.07559509575366974,1,1,0,1
10,6,45,fixed_K4,33,0.04881278797984123,1,1,1,0
10,6,45,fixed_K6,35,0.02766956016421318,1,1,0,1
10,6,45,keep_all_relevant,35,0.02766956016421318,1,1,0,1
10,8,51,dense,51,0.0,1,0,0,0
10,8,51,fixed_K2,31,0.08240625262260437,1,0,0,1
10,8,51,fixed_K3,32,0.08818419277667999,1,0,0,1
10,8,51,fixed_K4,33,0.10729172825813293,1,0,0,1
10,8,51,fixed_K6,35,0.03772362321615219,1,0,0,1
10,8,51,keep_all_relevant,37,0.026810012757778168,1,0,0,0
10,10,57,dense,57,0.0,1,0,0,0
10,10,57,fixed_K2,31,0.055484622716903687,1,0,0,1
10,10,57,fixed_K3,32,0.0741099864244461,1,0,0,0
10,10,57,fixed_K4,33,0.06670446693897247,1,0,0,1
10,10,57,fixed_K6,35,0.07307806611061096,1,0,0,1
10,10,57,keep_all_relevant,39,0.03501064330339432,1,0,0,0
10,12,63,dense,63,0.0,1,0,0,0
10,12,63,fixed_K2,31,0.10475271195173264,1,0,0,1
10,12,63,fixed_K3,32,0.07655647397041321,1,0,0,1
10,12,63,fixed_K4,33,0.13789686560630798,1,0,0,1
10,12,63,fixed_K6,35,0.05370664969086647,1,0,0,1
10,12,63,keep_all_relevant,41,0.03068605437874794,1,0,0,1
10,16,75,dense,75,0.0,1,0,0,0
10,16,75,fixed_K2,31,0.13526013493537903,1,0,0,1
10,16,75,fixed_K3,32,0.08384668827056885,1,0,0,1
10,16,75,fixed_K4,33,0.05514346808195114,1,0,0,1
10,16,75,fixed_K6,35,0.06675796210765839,1,0,0,1
10,16,75,keep_all_relevant,45,0.044466566294431686,1,0,0,1
11,2,33,dense,33,0.0,1,1,1,0
11,2,33,fixed_K2,31,0.02527940832078457,1,1,0,1
11,2,33,fixed_K3,31,0.02527940832078457,1,1,0,1
11,2,33,fixed_K4,31,0.02527940832078457,1,1,0,1
11,2,33,fixed_K6,31,0.02527940832078457,1,1,0,1
11,2,33,keep_all_relevant,31,0.02527940832078457,1,1,0,1
11,3,36,dense,36,0.0,1,1,1,0
11,3,36,fixed_K2,31,0.04933475703001022,1,1,0,1
11,3,36,fixed_K3,32,0.03644164651632309,1,1,0,1
11,3,36,fixed_K4,32,0.03644164651632309,1,1,0,1
11,3,36,fixed_K6,32,0.03644164651632309,1,1,0,1
11,3,36,keep_all_relevant,32,0.03644164651632309,1,1,0,1
11,4,39,dense,39,0.0,1,0,0,0
11,4,39,fixed_K2,31,0.057108938694000244,1,0,0,1
11,4,39,fixed_K3,32,0.038494668900966644,1,0,0,0
11,4,39,fixed_K4,33,0.025583811104297638,1,0,0,1
11,4,39,fixed_K6,33,0.025583811104297638,1,0,0,1
11,4,39,keep_all_relevant,33,0.025583811104297638,1,0,0,1
11,5,42,dense,42,0.0,1,0,0,0
11,5,42,fixed_K2,31,0.06029260531067848,1,0,1,1
11,5,42,fixed_K3,32,0.05070924013853073,1,0,0,0
11,5,42,fixed_K4,33,0.04369860142469406,1,0,0,0
11,5,42,fixed_K6,34,0.043440572917461395,1,0,0,1
11,5,42,keep_all_relevant,34,0.043440572917461395,1,0,0,1
11,6,45,dense,45,0.0,1,0,0,0
11,6,45,fixed_K2,31,0.05978899449110031,1,0,1,1
11,6,45,fixed_K3,32,0.13411679863929749,1,0,0,1
11,6,45,fixed_K4,33,0.04992985352873802,1,0,0,1
11,6,45,fixed_K6,35,0.04856298491358757,1,0,0,0
11,6,45,keep_all_relevant,35,0.04856298491358757,1,0,0,0
11,8,51,dense,51,0.0,1,0,0,0
11,8,51,fixed_K2,31,0.06745171546936035,1,0,0,1
11,8,51,fixed_K3,32,0.07755856215953827,1,0,0,1
11,8,51,fixed_K4,33,0.0620962530374527,1,0,0,1
11,8,51,fixed_K6,35,0.029533948749303818,1,0,0,1
11,8,51,keep_all_relevant,37,0.013789543882012367,1,0,0,0
11,10,57,dense,57,0.0,1,0,0,0
11,10,57,fixed_K2,31,0.08400985598564148,1,0,0,1
11,10,57,fixed_K3,32,0.0912230908870697,1,0,0,1
11,10,57,fixed_K4,33,0.07074128091335297,1,0,0,1
11,10,57,fixed_K6,35,0.057313285768032074,1,0,0,1
11,10,57,keep_all_relevant,39,0.04581937566399574,1,0,0,1
11,12,63,dense,63,0.0,1,0,0,0
11,12,63,fixed_K2,31,0.10328005999326706,1,0,0,1
11,12,63,fixed_K3,32,0.12486223876476288,1,0,0,1
11,12,63,fixed_K4,33,0.07426152378320694,1,0,0,1
11,12,63,fixed_K6,35,0.05030771717429161,1,0,0,1
11,12,63,keep_all_relevant,41,0.02878829464316368,1,0,0,0
11,16,75,dense,75,0.0,1,0,0,0
11,16,75,fixed_K2,31,0.0816492810845375,1,0,0,1
11,16,75,fixed_K3,32,0.12732180953025818,1,0,0,1
11,16,75,fixed_K4,33,0.07906395196914673,1,0,0,1
11,16,75,fixed_K6,35,0.09056338667869568,1,0,0,1
11,16,75,keep_all_relevant,45,0.024785775691270828,1,0,0,1
12,2,33,dense,33,0.0,1,1,1,0
12,2,33,fixed_K2,31,0.012702420353889465,1,1,0,1
12,2,33,fixed_K3,31,0.012702420353889465,1,1,0,1
12,2,33,fixed_K4,31,0.012702420353889465,1,1,0,1
12,2,33,fixed_K6,31,0.012702420353889465,1,1,0,1
12,2,33,keep_all_relevant,31,0.012702420353889465,1,1,0,1
12,3,36,dense,36,0.0,1,0,0,0
12,3,36,fixed_K2,31,0.055248748511075974,1,0,0,1
12,3,36,fixed_K3,32,0.023200340569019318,1,0,0,1
12,3,36,fixed_K4,32,0.023200340569019318,1,0,0,1
12,3,36,fixed_K6,32,0.023200340569019318,1,0,0,1
12,3,36,keep_all_relevant,32,0.023200340569019318,1,0,0,1
12,4,39,dense,39,0.0,1,1,1,0
12,4,39,fixed_K2,31,0.05293542519211769,1,1,0,1
12,4,39,fixed_K3,32,0.03675193712115288,1,1,0,1
12,4,39,fixed_K4,33,0.04233890771865845,1,1,0,1
12,4,39,fixed_K6,33,0.04233890771865845,1,1,0,1
12,4,39,keep_all_relevant,33,0.04233890771865845,1,1,0,1
12,5,42,dense,42,0.0,1,0,0,0
12,5,42,fixed_K2,31,0.05516168847680092,1,0,0,1
12,5,42,fixed_K3,32,0.04510731250047684,1,0,0,1
12,5,42,fixed_K4,33,0.05109878256917,1,0,0,1
12,5,42,fixed_K6,34,0.03572281450033188,1,0,0,1
12,5,42,keep_all_relevant,34,0.03572281450033188,1,0,0,1
12,6,45,dense,45,0.0,1,0,0,0
12,6,45,fixed_K2,31,0.13056832551956177,1,0,0,0
12,6,45,fixed_K3,32,0.04175921902060509,1,0,0,0
12,6,45,fixed_K4,33,0.06463484466075897,1,0,0,1
12,6,45,fixed_K6,35,0.028769392520189285,1,0,1,1
12,6,45,keep_all_relevant,35,0.028769392520189285,1,0,1,1
12,8,51,dense,51,0.0,1,0,0,0
12,8,51,fixed_K2,31,0.05790179595351219,1,0,0,0
12,8,51,fixed_K3,32,0.04007086530327797,1,0,0,0
12,8,51,fixed_K4,33,0.04176676273345947,1,0,0,1
12,8,51,fixed_K6,35,0.04011332988739014,1,0,0,1
12,8,51,keep_all_relevant,37,0.054813988506793976,1,0,0,1
12,10,57,dense,57,0.0,1,0,0,0
12,10,57,fixed_K2,31,0.06701130419969559,1,0,0,1
12,10,57,fixed_K3,32,0.1180887296795845,1,0,0,1
12,10,57,fixed_K4,33,0.1148039698600769,1,0,0,1
12,10,57,fixed_K6,35,0.05053334683179855,1,0,0,1
12,10,57,keep_all_relevant,39,0.019927622750401497,1,0,0,0
12,12,63,dense,63,0.0,1,0,0,0
12,12,63,fixed_K2,31,0.10787126421928406,1,0,0,1
12,12,63,fixed_K3,32,0.1635035127401352,1,0,0,1
12,12,63,fixed_K4,33,0.037308208644390106,1,0,0,1
12,12,63,fixed_K6,35,0.06681156158447266,1,0,0,1
12,12,63,keep_all_relevant,41,0.03418528288602829,1,0,0,1
12,16,75,dense,75,0.0,1,0,0,0
12,16,75,fixed_K2,31,0.15844881534576416,1,0,0,1
12,16,75,fixed_K3,32,0.06862262636423111,1,0,0,1
12,16,75,fixed_K4,33,0.11233788728713989,1,0,0,1
12,16,75,fixed_K6,35,0.06584388017654419,1,0,0,1
12,16,75,keep_all_relevant,45,0.028797106817364693,1,0,0,1
13,2,33,dense,33,0.0,1,1,1,0
13,2,33,fixed_K2,31,0.03374713659286499,1,1,0,1
13,2,33,fixed_K3,31,0.03374713659286499,1,1,0,1
13,2,33,fixed_K4,31,0.03374713659286499,1,1,0,1
13,2,33,fixed_K6,31,0.03374713659286499,1,1,0,1
13,2,33,keep_all_relevant,31,0.03374713659286499,1,1,0,1
13,3,36,dense,36,0.0,1,1,1,0
13,3,36,fixed_K2,31,0.06511549651622772,1,1,0,1
13,3,36,fixed_K3,32,0.028453394770622253,1,1,0,1
13,3,36,fixed_K4,32,0.028453394770622253,1,1,0,1
13,3,36,fixed_K6,32,0.028453394770622253,1,1,0,1
13,3,36,keep_all_relevant,32,0.028453394770622253,1,1,0,1
13,4,39,dense,39,0.0,1,1,1,0
13,4,39,fixed_K2,31,0.0721558928489685,1,1,0,1
13,4,39,fixed_K3,32,0.0636061355471611,1,1,0,1
13,4,39,fixed_K4,33,0.02008383348584175,1,1,0,1
13,4,39,fixed_K6,33,0.02008383348584175,1,1,0,1
13,4,39,keep_all_relevant,33,0.02008383348584175,1,1,0,1
13,5,42,dense,42,0.0,1,1,1,0
13,5,42,fixed_K2,31,0.07083059847354889,1,1,0,1
13,5,42,fixed_K3,32,0.04466255381703377,1,1,0,1
13,5,42,fixed_K4,33,0.06276844441890717,1,1,0,1
13,5,42,fixed_K6,34,0.042632341384887695,1,1,0,1
13,5,42,keep_all_relevant,34,0.042632341384887695,1,1,0,1
13,6,45,dense,45,0.0,1,0,0,0
13,6,45,fixed_K2,31,0.09170852601528168,1,0,1,1
13,6,45,fixed_K3,32,0.06920406222343445,1,0,0,0
13,6,45,fixed_K4,33,0.06618507206439972,1,0,0,1
13,6,45,fixed_K6,35,0.028328076004981995,1,0,1,1
13,6,45,keep_all_relevant,35,0.028328076004981995,1,0,1,1
13,8,51,dense,51,0.0,1,1,1,0
13,8,51,fixed_K2,31,0.07099531590938568,1,1,0,1
13,8,51,fixed_K3,32,0.07292047142982483,1,1,0,1
13,8,51,fixed_K4,33,0.08152685314416885,1,1,0,1
13,8,51,fixed_K6,35,0.049009859561920166,1,1,0,1
13,8,51,keep_all_relevant,37,0.04297911003232002,1,1,0,1
13,10,57,dense,57,0.0,1,0,0,0
13,10,57,fixed_K2,31,0.08490678668022156,1,0,0,1
13,10,57,fixed_K3,32,0.07476619631052017,1,0,0,1
13,10,57,fixed_K4,33,0.08541522920131683,1,0,0,1
13,10,57,fixed_K6,35,0.0637304037809372,1,0,0,1
13,10,57,keep_all_relevant,39,0.015012506395578384,1,0,0,0
13,12,63,dense,63,0.0,1,0,0,0
13,12,63,fixed_K2,31,0.06877447664737701,1,0,0,1
13,12,63,fixed_K3,32,0.096687451004982,1,0,0,1
13,12,63,fixed_K4,33,0.0532672181725502,1,0,0,1
13,12,63,fixed_K6,35,0.05972057580947876,1,0,0,1
13,12,63,keep_all_relevant,41,0.020275812596082687,1,0,0,0
13,16,75,dense,75,0.0,1,0,0,0
13,16,75,fixed_K2,31,0.146732360124588,1,0,0,1
13,16,75,fixed_K3,32,0.17014415562152863,1,0,0,1
13,16,75,fixed_K4,33,0.122184619307518,1,0,0,1
13,16,75,fixed_K6,35,0.047113485634326935,1,0,0,1
13,16,75,keep_all_relevant,45,0.027201248332858086,1,0,0,1
14,2,33,dense,33,0.0,1,1,1,0
14,2,33,fixed_K2,31,0.014374807476997375,1,1,0,1
14,2,33,fixed_K3,31,0.014374807476997375,1,1,0,1
14,2,33,fixed_K4,31,0.014374807476997375,1,1,0,1
14,2,33,fixed_K6,31,0.014374807476997375,1,1,0,1
14,2,33,keep_all_relevant,31,0.014374807476997375,1,1,0,1
14,3,36,dense,36,0.0,1,1,1,0
14,3,36,fixed_K2,31,0.049187928438186646,1,1,0,1
14,3,36,fixed_K3,32,0.031485360115766525,1,1,1,0
14,3,36,fixed_K4,32,0.031485360115766525,1,1,1,0
14,3,36,fixed_K6,32,0.031485360115766525,1,1,1,0
14,3,36,keep_all_relevant,32,0.031485360115766525,1,1,1,0
14,4,39,dense,39,0.0,1,1,1,0
14,4,39,fixed_K2,31,0.07796184718608856,1,1,0,1
14,4,39,fixed_K3,32,0.047961119562387466,1,1,0,1
14,4,39,fixed_K4,33,0.03132176399230957,1,1,0,1
14,4,39,fixed_K6,33,0.03132176399230957,1,1,0,1
14,4,39,keep_all_relevant,33,0.03132176399230957,1,1,0,1
14,5,42,dense,42,0.0,1,1,1,0
14,5,42,fixed_K2,31,0.051115624606609344,1,1,0,1
14,5,42,fixed_K3,32,0.08042719960212708,1,1,0,1
14,5,42,fixed_K4,33,0.05156439170241356,1,1,0,1
14,5,42,fixed_K6,34,0.030474163591861725,1,1,0,1
14,5,42,keep_all_relevant,34,0.030474163591861725,1,1,0,1
14,6,45,dense,45,0.0,1,0,0,0
14,6,45,fixed_K2,31,0.10320697724819183,1,0,0,1
14,6,45,fixed_K3,32,0.0684128925204277,1,0,0,0
14,6,45,fixed_K4,33,0.06458680331707001,1,0,1,1
14,6,45,fixed_K6,35,0.04492248594760895,1,0,1,1
14,6,45,keep_all_relevant,35,0.04492248594760895,1,0,1,1
14,8,51,dense,51,0.0,1,0,0,0
14,8,51,fixed_K2,31,0.07732479274272919,1,0,0,1
14,8,51,fixed_K3,32,0.11087921261787415,1,0,0,1
14,8,51,fixed_K4,33,0.05118374526500702,1,0,0,1
14,8,51,fixed_K6,35,0.03745849430561066,1,0,0,1
14,8,51,keep_all_relevant,37,0.01838662475347519,1,0,0,1
14,10,57,dense,57,0.0,1,0,0,0
14,10,57,fixed_K2,31,0.16993138194084167,1,0,0,1
14,10,57,fixed_K3,32,0.10116450488567352,1,0,0,1
14,10,57,fixed_K4,33,0.06390637159347534,1,0,0,1
14,10,57,fixed_K6,35,0.04127746447920799,1,0,0,1
14,10,57,keep_all_relevant,39,0.02537839487195015,1,0,0,1
14,12,63,dense,63,0.0,1,0,0,0
14,12,63,fixed_K2,31,0.11638545989990234,1,0,0,1
14,12,63,fixed_K3,32,0.10634537041187286,1,0,0,1
14,12,63,fixed_K4,33,0.062459126114845276,1,0,0,1
14,12,63,fixed_K6,35,0.07080305367708206,1,0,0,1
14,12,63,keep_all_relevant,41,0.03908248990774155,1,0,0,1
14,16,75,dense,75,0.0,1,0,0,0
14,16,75,fixed_K2,31,0.06973901391029358,1,0,0,1
14,16,75,fixed_K3,32,0.21325019001960754,1,0,0,1
14,16,75,fixed_K4,33,0.11369995772838593,1,0,0,1
14,16,75,fixed_K6,35,0.053147923201322556,1,0,0,1
14,16,75,keep_all_relevant,45,0.043437786400318146,1,0,0,1
15,2,33,dense,33,0.0,1,1,1,0
15,2,33,fixed_K2,31,0.01001935638487339,1,1,0,1
15,2,33,fixed_K3,31,0.01001935638487339,1,1,0,1
15,2,33,fixed_K4,31,0.01001935638487339,1,1,0,1
15,2,33,fixed_K6,31,0.01001935638487339,1,1,0,1
15,2,33,keep_all_relevant,31,0.01001935638487339,1,1,0,1
15,3,36,dense,36,0.0,1,1,1,0
15,3,36,fixed_K2,31,0.05268912389874458,1,1,1,0
15,3,36,fixed_K3,32,0.04379275441169739,1,1,1,0
15,3,36,fixed_K4,32,0.04379275441169739,1,1,1,0
15,3,36,fixed_K6,32,0.04379275441169739,1,1,1,0
15,3,36,keep_all_relevant,32,0.04379275441169739,1,1,1,0
15,4,39,dense,39,0.0,1,1,1,0
15,4,39,fixed_K2,31,0.03811163082718849,1,1,0,1
15,4,39,fixed_K3,32,0.04904850944876671,1,1,0,1
15,4,39,fixed_K4,33,0.020768657326698303,1,1,0,1
15,4,39,fixed_K6,33,0.020768657326698303,1,1,0,1
15,4,39,keep_all_relevant,33,0.020768657326698303,1,1,0,1
15,5,42,dense,42,0.0,1,0,0,0
15,5,42,fixed_K2,31,0.05702690780162811,1,0,0,1
15,5,42,fixed_K3,32,0.04821573942899704,1,0,0,0
15,5,42,fixed_K4,33,0.030834589153528214,1,0,0,1
15,5,42,fixed_K6,34,0.037522368133068085,1,0,0,1
15,5,42,keep_all_relevant,34,0.037522368133068085,1,0,0,1
15,6,45,dense,45,0.0,1,1,1,0
15,6,45,fixed_K2,31,0.057927802205085754,1,1,0,1
15,6,45,fixed_K3,32,0.048151396214962006,1,1,0,1
15,6,45,fixed_K4,33,0.06589609384536743,1,1,0,1
15,6,45,fixed_K6,35,0.02930493652820587,1,1,1,0
15,6,45,keep_all_relevant,35,0.02930493652820587,1,1,1,0
15,8,51,dense,51,0.0,1,0,0,0
15,8,51,fixed_K2,31,0.08834792673587799,1,0,0,1
15,8,51,fixed_K3,32,0.07603104412555695,1,0,0,1
15,8,51,fixed_K4,33,0.06040889024734497,1,0,0,1
15,8,51,fixed_K6,35,0.05976357311010361,1,0,0,0
15,8,51,keep_all_relevant,37,0.028762785717844963,1,0,0,1
15,10,57,dense,57,0.0,1,0,0,0
15,10,57,fixed_K2,31,0.10792189836502075,1,0,0,1
15,10,57,fixed_K3,32,0.11680123209953308,1,0,0,1
15,10,57,fixed_K4,33,0.10881586372852325,1,0,0,1
15,10,57,fixed_K6,35,0.05699167773127556,1,0,0,1
15,10,57,keep_all_relevant,39,0.024739980697631836,1,0,0,1
15,12,63,dense,63,0.0,1,0,0,0
15,12,63,fixed_K2,31,0.12575581669807434,1,0,0,1
15,12,63,fixed_K3,32,0.09799937158823013,1,0,0,1
15,12,63,fixed_K4,33,0.09454230219125748,1,0,0,1
15,12,63,fixed_K6,35,0.06366086006164551,1,0,0,0
15,12,63,keep_all_relevant,41,0.03950519859790802,1,0,0,0
15,16,75,dense,75,0.0,1,0,0,0
15,16,75,fixed_K2,31,0.11210431903600693,1,0,0,1
15,16,75,fixed_K3,32,0.12863995134830475,1,0,0,1
15,16,75,fixed_K4,33,0.06571860611438751,1,0,0,1
15,16,75,fixed_K6,35,0.0771583542227745,1,0,0,1
15,16,75,keep_all_relevant,45,0.03107048198580742,1,0,0,0
16,2,33,dense,33,0.0,1,1,1,0
16,2,33,fixed_K2,31,0.012702420353889465,1,1,0,1
16,2,33,fixed_K3,31,0.012702420353889465,1,1,0,1
16,2,33,fixed_K4,31,0.012702420353889465,1,1,0,1
16,2,33,fixed_K6,31,0.012702420353889465,1,1,0,1
16,2,33,keep_all_relevant,31,0.012702420353889465,1,1,0,1
16,3,36,dense,36,0.0,1,1,1,0
16,3,36,fixed_K2,31,0.05648971349000931,1,1,0,1
16,3,36,fixed_K3,32,0.03644164651632309,1,1,0,1
16,3,36,fixed_K4,32,0.03644164651632309,1,1,0,1
16,3,36,fixed_K6,32,0.03644164651632309,1,1,0,1
16,3,36,keep_all_relevant,32,0.03644164651632309,1,1,0,1
16,4,39,dense,39,0.0,1,1,1,0
16,4,39,fixed_K2,31,0.07301779091358185,1,1,0,1
16,4,39,fixed_K3,32,0.056378625333309174,1,1,1,0
16,4,39,fixed_K4,33,0.04015520215034485,1,1,1,0
16,4,39,fixed_K6,33,0.04015520215034485,1,1,1,0
16,4,39,keep_all_relevant,33,0.04015520215034485,1,1,1,0
16,5,42,dense,42,0.0,1,0,0,0
16,5,42,fixed_K2,31,0.1500249207019806,1,0,0,1
16,5,42,fixed_K3,32,0.05900174379348755,1,0,0,1
16,5,42,fixed_K4,33,0.04597289115190506,1,0,1,1
16,5,42,fixed_K6,34,0.04412432014942169,1,0,0,1
16,5,42,keep_all_relevant,34,0.04412432014942169,1,0,0,1
16,6,45,dense,45,0.0,1,0,0,0
16,6,45,fixed_K2,31,0.06629347056150436,1,0,0,0
16,6,45,fixed_K3,32,0.05211261659860611,1,0,0,1
16,6,45,fixed_K4,33,0.058590568602085114,1,0,0,1
16,6,45,fixed_K6,35,0.041511911898851395,1,0,0,0
16,6,45,keep_all_relevant,35,0.041511911898851395,1,0,0,0
16,8,51,dense,51,0.0,1,1,1,0
16,8,51,fixed_K2,31,0.050789326429367065,1,1,0,1
16,8,51,fixed_K3,32,0.04418443143367767,1,1,0,1
16,8,51,fixed_K4,33,0.06129499897360802,1,1,0,1
16,8,51,fixed_K6,35,0.05520302802324295,1,1,0,1
16,8,51,keep_all_relevant,37,0.026863213628530502,1,1,0,1
16,10,57,dense,57,0.0,1,0,0,0
16,10,57,fixed_K2,31,0.08406145125627518,1,0,0,1
16,10,57,fixed_K3,32,0.11165972054004669,1,0,0,1
16,10,57,fixed_K4,33,0.047244977205991745,1,0,0,1
16,10,57,fixed_K6,35,0.06972698122262955,1,0,0,1
16,10,57,keep_all_relevant,39,0.02561327815055847,1,0,0,1
16,12,63,dense,63,0.0,1,0,0,0
16,12,63,fixed_K2,31,0.07997707277536392,1,0,0,1
16,12,63,fixed_K3,32,0.1066325455904007,1,0,0,1
16,12,63,fixed_K4,33,0.08244213461875916,1,0,0,1
16,12,63,fixed_K6,35,0.05620231106877327,1,0,0,1
16,12,63,keep_all_relevant,41,0.041653744876384735,1,0,0,1
16,16,75,dense,75,0.0,1,0,0,0
16,16,75,fixed_K2,31,0.20208999514579773,1,0,0,1
16,16,75,fixed_K3,32,0.09374368190765381,1,0,0,1
16,16,75,fixed_K4,33,0.08116046339273453,1,0,0,1
16,16,75,fixed_K6,35,0.10959450900554657,1,0,0,1
16,16,75,keep_all_relevant,45,0.022667303681373596,1,0,0,1
17,2,33,dense,33,0.0,1,1,1,0
17,2,33,fixed_K2,31,0.02974390797317028,1,1,0,1
17,2,33,fixed_K3,31,0.02974390797317028,1,1,0,1
17,2,33,fixed_K4,31,0.02974390797317028,1,1,0,1
17,2,33,fixed_K6,31,0.02974390797317028,1,1,0,1
17,2,33,keep_all_relevant,31,0.02974390797317028,1,1,0,1
17,3,36,dense,36,0.0,1,0,0,0
17,3,36,fixed_K2,31,0.055248748511075974,1,0,0,1
17,3,36,fixed_K3,32,0.023200340569019318,1,0,0,1
17,3,36,fixed_K4,32,0.023200340569019318,1,0,0,1
17,3,36,fixed_K6,32,0.023200340569019318,1,0,0,1
17,3,36,keep_all_relevant,32,0.023200340569019318,1,0,0,1
17,4,39,dense,39,0.0,1,1,1,0
17,4,39,fixed_K2,31,0.06238804757595062,1,1,0,1
17,4,39,fixed_K3,32,0.04533609002828598,1,1,1,0
17,4,39,fixed_K4,33,0.03223423659801483,1,1,1,0
17,4,39,fixed_K6,33,0.03223423659801483,1,1,1,0
17,4,39,keep_all_relevant,33,0.03223423659801483,1,1,1,0
17,5,42,dense,42,0.0,1,0,0,0
17,5,42,fixed_K2,31,0.08462891727685928,1,0,0,1
17,5,42,fixed_K3,32,0.04107228294014931,1,0,0,0
17,5,42,fixed_K4,33,0.03498471528291702,1,0,0,1
17,5,42,fixed_K6,34,0.02055961638689041,1,0,1,1
17,5,42,keep_all_relevant,34,0.02055961638689041,1,0,1,1
17,6,45,dense,45,0.0,1,0,0,0
17,6,45,fixed_K2,31,0.09052500128746033,1,0,0,0
17,6,45,fixed_K3,32,0.052849676460027695,1,0,0,1
17,6,45,fixed_K4,33,0.07168034464120865,1,0,0,1
17,6,45,fixed_K6,35,0.030252613127231598,1,0,0,1
17,6,45,keep_all_relevant,35,0.030252613127231598,1,0,0,1
17,8,51,dense,51,0.0,1,1,1,0
17,8,51,fixed_K2,31,0.0684187263250351,1,1,0,1
17,8,51,fixed_K3,32,0.10347487032413483,1,1,0,1
17,8,51,fixed_K4,33,0.04563184827566147,1,1,0,1
17,8,51,fixed_K6,35,0.0517435222864151,1,1,0,1
17,8,51,keep_all_relevant,37,0.023527339100837708,1,1,0,1
17,10,57,dense,57,0.0,1,0,0,0
17,10,57,fixed_K2,31,0.07497240602970123,1,0,0,1
17,10,57,fixed_K3,32,0.042604655027389526,1,0,0,1
17,10,57,fixed_K4,33,0.040572360157966614,1,0,0,1
17,10,57,fixed_K6,35,0.025145510211586952,1,0,0,1
17,10,57,keep_all_relevant,39,0.031187839806079865,1,0,0,1
17,12,63,dense,63,0.0,1,0,0,0
17,12,63,fixed_K2,31,0.07348325848579407,1,0,0,1
17,12,63,fixed_K3,32,0.09184269607067108,1,0,0,1
17,12,63,fixed_K4,33,0.09928685426712036,1,0,0,1
17,12,63,fixed_K6,35,0.046802688390016556,1,0,0,1
17,12,63,keep_all_relevant,41,0.022916916757822037,1,0,0,0
17,16,75,dense,75,0.0,1,0,0,0
17,16,75,fixed_K2,31,0.18628783524036407,1,0,0,1
17,16,75,fixed_K3,32,0.22213168442249298,1,0,0,1
17,16,75,fixed_K4,33,0.09863811731338501,1,0,0,1
17,16,75,fixed_K6,35,0.045221950858831406,1,0,0,1
17,16,75,keep_all_relevant,45,0.03208174556493759,1,0,0,1
18,2,33,dense,33,0.0,1,1,1,0
18,2,33,fixed_K2,31,0.022674094885587692,1,1,0,1
18,2,33,fixed_K3,31,0.022674094885587692,1,1,0,1
18,2,33,fixed_K4,31,0.022674094885587692,1,1,0,1
18,2,33,fixed_K6,31,0.022674094885587692,1,1,0,1
18,2,33,keep_all_relevant,31,0.022674094885587692,1,1,0,1
18,3,36,dense,36,0.0,1,1,1,0
18,3,36,fixed_K2,31,0.042366426438093185,1,1,0,1
18,3,36,fixed_K3,32,0.018178995698690414,1,1,1,0
18,3,36,fixed_K4,32,0.018178995698690414,1,1,1,0
18,3,36,fixed_K6,32,0.018178995698690414,1,1,1,0
18,3,36,keep_all_relevant,32,0.018178995698690414,1,1,1,0
18,4,39,dense,39,0.0,1,0,0,0
18,4,39,fixed_K2,31,0.07136374711990356,1,0,0,1
18,4,39,fixed_K3,32,0.05094157159328461,1,0,0,1
18,4,39,fixed_K4,33,0.03445220738649368,1,0,0,1
18,4,39,fixed_K6,33,0.03445220738649368,1,0,0,1
18,4,39,keep_all_relevant,33,0.03445220738649368,1,0,0,1
18,5,42,dense,42,0.0,1,0,0,0
18,5,42,fixed_K2,31,0.056535568088293076,1,0,0,1
18,5,42,fixed_K3,32,0.04962999373674393,1,0,0,1
18,5,42,fixed_K4,33,0.04118719324469566,1,0,0,1
18,5,42,fixed_K6,34,0.04182826355099678,1,0,1,1
18,5,42,keep_all_relevant,34,0.04182826355099678,1,0,1,1
18,6,45,dense,45,0.0,1,1,1,0
18,6,45,fixed_K2,31,0.0592992790043354,1,1,0,1
18,6,45,fixed_K3,32,0.045899491757154465,1,1,1,0
18,6,45,fixed_K4,33,0.03933883458375931,1,1,1,0
18,6,45,fixed_K6,35,0.03760351985692978,1,1,1,0
18,6,45,keep_all_relevant,35,0.03760351985692978,1,1,1,0
18,8,51,dense,51,0.0,1,0,0,0
18,8,51,fixed_K2,31,0.06085263192653656,1,0,0,1
18,8,51,fixed_K3,32,0.06812600791454315,1,0,0,1
18,8,51,fixed_K4,33,0.0761241465806961,1,0,0,1
18,8,51,fixed_K6,35,0.03319424390792847,1,0,0,1
18,8,51,keep_all_relevant,37,0.02064894512295723,1,0,0,1
18,10,57,dense,57,0.0,1,0,0,0
18,10,57,fixed_K2,31,0.07477155327796936,1,0,0,0
18,10,57,fixed_K3,32,0.0674593597650528,1,0,0,0
18,10,57,fixed_K4,33,0.07081287354230881,1,0,0,1
18,10,57,fixed_K6,35,0.04395149648189545,1,0,0,0
18,10,57,keep_all_relevant,39,0.027209453284740448,1,0,0,0
18,12,63,dense,63,0.0,1,0,0,0
18,12,63,fixed_K2,31,0.059857841581106186,1,0,0,1
18,12,63,fixed_K3,32,0.08874163031578064,1,0,0,1
18,12,63,fixed_K4,33,0.10409875214099884,1,0,0,1
18,12,63,fixed_K6,35,0.04499543458223343,1,0,0,1
18,12,63,keep_all_relevant,41,0.0449894443154335,1,0,0,1
18,16,75,dense,75,0.0,1,0,0,0
18,16,75,fixed_K2,31,0.14837291836738586,1,0,0,1
18,16,75,fixed_K3,32,0.09820622205734253,1,0,0,1
18,16,75,fixed_K4,33,0.11227834969758987,1,0,0,1
18,16,75,fixed_K6,35,0.07276705652475357,1,0,0,1
18,16,75,keep_all_relevant,45,0.026875587180256844,1,0,0,1
19,2,33,dense,33,0.0,1,1,1,0
19,2,33,fixed_K2,31,0.02974390797317028,1,1,0,1
19,2,33,fixed_K3,31,0.02974390797317028,1,1,0,1
19,2,33,fixed_K4,31,0.02974390797317028,1,1,0,1
19,2,33,fixed_K6,31,0.02974390797317028,1,1,0,1
19,2,33,keep_all_relevant,31,0.02974390797317028,1,1,0,1
19,3,36,dense,36,0.0,1,1,1,0
19,3,36,fixed_K2,31,0.06240442022681236,1,1,0,1
19,3,36,fixed_K3,32,0.021557170897722244,1,1,1,0
19,3,36,fixed_K4,32,0.021557170897722244,1,1,1,0
19,3,36,fixed_K6,32,0.021557170897722244,1,1,1,0
19,3,36,keep_all_relevant,32,0.021557170897722244,1,1,1,0
19,4,39,dense,39,0.0,1,0,0,0
19,4,39,fixed_K2,31,0.05951807647943497,1,0,0,1
19,4,39,fixed_K3,32,0.03386525809764862,1,0,0,1
19,4,39,fixed_K4,33,0.022325078025460243,1,0,0,1
19,4,39,fixed_K6,33,0.022325078025460243,1,0,0,1
19,4,39,keep_all_relevant,33,0.022325078025460243,1,0,0,1
19,5,42,dense,42,0.0,1,0,0,0
19,5,42,fixed_K2,31,0.05865217000246048,1,0,0,1
19,5,42,fixed_K3,32,0.036642901599407196,1,0,0,1
19,5,42,fixed_K4,33,0.05254935473203659,1,0,0,1
19,5,42,fixed_K6,34,0.017316900193691254,1,0,0,1
19,5,42,keep_all_relevant,34,0.017316900193691254,1,0,0,1
19,6,45,dense,45,0.0,1,0,0,0
19,6,45,fixed_K2,31,0.06620973348617554,1,0,0,1
19,6,45,fixed_K3,32,0.07111037522554398,1,0,0,1
19,6,45,fixed_K4,33,0.02879294753074646,1,0,0,1
19,6,45,fixed_K6,35,0.027487393468618393,1,0,1,1
19,6,45,keep_all_relevant,35,0.027487393468618393,1,0,1,1
19,8,51,dense,51,0.0,1,0,0,0
19,8,51,fixed_K2,31,0.06050882115960121,1,0,0,1
19,8,51,fixed_K3,32,0.07612273097038269,1,0,0,1
19,8,51,fixed_K4,33,0.06246122717857361,1,0,0,1
19,8,51,fixed_K6,35,0.02837873250246048,1,0,0,1
19,8,51,keep_all_relevant,37,0.017236076295375824,1,0,0,1
19,10,57,dense,57,0.0,1,0,0,0
19,10,57,fixed_K2,31,0.10314396768808365,1,0,0,1
19,10,57,fixed_K3,32,0.11286496371030807,1,0,0,1
19,10,57,fixed_K4,33,0.08177812397480011,1,0,0,1
19,10,57,fixed_K6,35,0.06616293638944626,1,0,0,1
19,10,57,keep_all_relevant,39,0.032004255801439285,1,0,0,0
19,12,63,dense,63,0.0,1,0,0,0
19,12,63,fixed_K2,31,0.10221096873283386,1,0,0,1
19,12,63,fixed_K3,32,0.13701854646205902,1,0,0,1
19,12,63,fixed_K4,33,0.06901080161333084,1,0,0,1
19,12,63,fixed_K6,35,0.04976021870970726,1,0,0,1
19,12,63,keep_all_relevant,41,0.022143278270959854,1,0,0,1
19,16,75,dense,75,0.0,1,0,0,0
19,16,75,fixed_K2,31,0.2303026169538498,1,0,0,1
19,16,75,fixed_K3,32,0.2333299070596695,1,0,0,1
19,16,75,fixed_K4,33,0.09864325076341629,1,0,0,1
19,16,75,fixed_K6,35,0.09431292861700058,1,0,0,1
19,16,75,keep_all_relevant,45,0.02226402424275875,1,0,0,1
