position,method,time,chunk_size,update_time,num_levels,branching_factor,balance_every,update_every,centroid_refine_iters
81,brute_force,3.1972769647836685e-05,8192,2.468004822731018e-08,5,8,512,512,0
81,fused_v1,2.863490954041481e-05,8192,2.468004822731018e-08,5,8,512,512,0
81,fused_v2,3.268802538514137e-05,8192,2.468004822731018e-08,5,8,512,512,0
81,fused_v3,2.3628119379281998e-05,8192,2.468004822731018e-08,5,8,512,512,0
81,fused_v4,3.411853685975075e-05,8192,2.468004822731018e-08,5,8,512,512,0
593,brute_force,4.201522096991539e-05,8192,7.706275209784508e-05,5,8,512,512,0
593,fused_v1,0.00011711707338690758,8192,7.706275209784508e-05,5,8,512,512,0
593,fused_v2,0.00012570014223456383,8192,7.706275209784508e-05,5,8,512,512,0
593,fused_v3,0.00010948767885565758,8192,7.706275209784508e-05,5,8,512,512,0
593,fused_v4,0.00012379279360175133,8192,7.706275209784508e-05,5,8,512,512,0
1105,brute_force,5.0355214625597e-05,8192,6.966711953282356e-05,5,8,512,512,0
1105,fused_v1,0.00011878134682774544,8192,6.966711953282356e-05,5,8,512,512,0
1105,fused_v2,0.00012331129983067513,8192,6.966711953282356e-05,5,8,512,512,0
1105,fused_v3,0.00011043669655919075,8192,6.966711953282356e-05,5,8,512,512,0
1105,fused_v4,0.000119019765406847,8192,6.966711953282356e-05,5,8,512,512,0
1617,brute_force,6.0902442783117294e-05,8192,6.47171400487423e-05,5,8,512,512,0
1617,fused_v1,0.00011788448318839073,8192,6.47171400487423e-05,5,8,512,512,0
1617,fused_v2,0.00014649471268057823,8192,6.47171400487423e-05,5,8,512,512,0
1617,fused_v3,0.00011526187881827354,8192,6.47171400487423e-05,5,8,512,512,0
1617,fused_v4,0.0001250370405614376,8192,6.47171400487423e-05,5,8,512,512,0
2129,brute_force,8.796341717243195e-05,8192,6.41215592622757e-05,5,8,512,512,0
2129,fused_v1,0.00011514313519001007,8192,6.41215592622757e-05,5,8,512,512,0
2129,fused_v2,0.00015019066631793976,8192,6.41215592622757e-05,5,8,512,512,0
2129,fused_v3,0.00011323578655719757,8192,6.41215592622757e-05,5,8,512,512,0
2129,fused_v4,0.00012348778545856476,8192,6.41215592622757e-05,5,8,512,512,0
2641,brute_force,8.299015462398529e-05,8192,6.463192403316498e-05,5,8,512,512,0
2641,fused_v1,0.0001166071742773056,8192,6.463192403316498e-05,5,8,512,512,0
2641,fused_v2,0.00015689991414546967,8192,6.463192403316498e-05,5,8,512,512,0
2641,fused_v3,0.00011613033711910248,8192,6.463192403316498e-05,5,8,512,512,0
2641,fused_v4,0.0001249518245458603,8192,6.463192403316498e-05,5,8,512,512,0
3153,brute_force,9.862659499049187e-05,8192,6.500957533717155e-05,5,8,512,512,0
3153,fused_v1,0.00011460063979029655,8192,6.500957533717155e-05,5,8,512,512,0
3153,fused_v2,0.00014821765944361687,8192,6.500957533717155e-05,5,8,512,512,0
3153,fused_v3,0.00011531589552760124,8192,6.500957533717155e-05,5,8,512,512,0
3153,fused_v4,0.00012246845290064812,8192,6.500957533717155e-05,5,8,512,512,0
3665,brute_force,0.00012331176549196243,8192,6.44223764538765e-05,5,8,512,512,0
3665,fused_v1,0.00013332534581422806,8192,6.44223764538765e-05,5,8,512,512,0
3665,fused_v2,0.0001571672037243843,8192,6.44223764538765e-05,5,8,512,512,0
3665,fused_v3,0.00011806655675172806,8192,6.44223764538765e-05,5,8,512,512,0
3665,fused_v4,0.0001254575327038765,8192,6.44223764538765e-05,5,8,512,512,0
4177,brute_force,0.0001256922259926796,8192,6.489548832178116e-05,5,8,512,512,0
4177,fused_v1,0.00012473855167627335,8192,6.489548832178116e-05,5,8,512,512,0
4177,fused_v2,0.0001829126849770546,8192,6.489548832178116e-05,5,8,512,512,0
4177,fused_v3,0.00012402329593896866,8192,6.489548832178116e-05,5,8,512,512,0
4177,fused_v4,0.00013570580631494522,8192,6.489548832178116e-05,5,8,512,512,0
4689,brute_force,0.00017023831605911255,8192,7.797032594680786e-05,5,8,512,512,0
4689,fused_v1,0.00012613087892532349,8192,7.797032594680786e-05,5,8,512,512,0
4689,fused_v2,0.00016976147890090942,8192,7.797032594680786e-05,5,8,512,512,0
4689,fused_v3,0.00012708455324172974,8192,7.797032594680786e-05,5,8,512,512,0
4689,fused_v4,0.00013662129640579224,8192,7.797032594680786e-05,5,8,512,512,0
5201,brute_force,0.0001249825581908226,8192,6.418582051992416e-05,5,8,512,512,0
5201,fused_v1,0.00012402888387441635,8192,6.418582051992416e-05,5,8,512,512,0
5201,fused_v2,0.00015478488057851791,8192,6.418582051992416e-05,5,8,512,512,0
5201,fused_v3,0.00011639948934316635,8192,6.418582051992416e-05,5,8,512,512,0
5201,fused_v4,0.0001192605122923851,8192,6.418582051992416e-05,5,8,512,512,0
5713,brute_force,0.00017064949497580528,8192,6.407639011740685e-05,5,8,512,512,0
5713,fused_v1,0.00011414429172873497,8192,6.407639011740685e-05,5,8,512,512,0
5713,fused_v2,0.0001527681015431881,8192,6.407639011740685e-05,5,8,512,512,0
5713,fused_v3,0.00011009117588400841,8192,6.407639011740685e-05,5,8,512,512,0
5713,fused_v4,0.00013202568516135216,8192,6.407639011740685e-05,5,8,512,512,0
6225,brute_force,0.00018083304166793823,8192,6.949156522750854e-05,5,8,512,512,0
6225,fused_v1,0.00012933462858200073,8192,6.949156522750854e-05,5,8,512,512,0
6225,fused_v2,0.00016056746244430542,8192,6.949156522750854e-05,5,8,512,512,0
6225,fused_v3,0.00011741369962692261,8192,6.949156522750854e-05,5,8,512,512,0
6225,fused_v4,0.0001238510012626648,8192,6.949156522750854e-05,5,8,512,512,0
6737,brute_force,0.00037050899118185043,8192,6.437953561544418e-05,5,8,512,512,0
6737,fused_v1,0.00012541469186544418,8192,6.437953561544418e-05,5,8,512,512,0
6737,fused_v2,0.000176197849214077,8192,6.437953561544418e-05,5,8,512,512,0
6737,fused_v3,0.00012040790170431137,8192,6.437953561544418e-05,5,8,512,512,0
6737,fused_v4,0.00012541469186544418,8192,6.437953561544418e-05,5,8,512,512,0
7249,brute_force,0.00047291023656725883,8192,6.640655919909477e-05,5,8,512,512,0
7249,fused_v1,0.00013769371435046196,8192,6.640655919909477e-05,5,8,512,512,0
7249,fused_v2,0.00020325882360339165,8192,6.640655919909477e-05,5,8,512,512,0
7249,fused_v3,0.00013912422582507133,8192,6.640655919909477e-05,5,8,512,512,0
7249,fused_v4,0.00014746887609362602,8192,6.640655919909477e-05,5,8,512,512,0
7761,brute_force,0.0004992797039449215,8192,7.89477489888668e-05,5,8,512,512,0
7761,fused_v1,0.0001483275555074215,8192,7.89477489888668e-05,5,8,512,512,0
7761,fused_v2,0.00022152205929160118,8192,7.89477489888668e-05,5,8,512,512,0
7761,fused_v3,0.00015166541561484337,8192,7.89477489888668e-05,5,8,512,512,0
7761,fused_v4,0.00016120215877890587,8192,7.89477489888668e-05,5,8,512,512,0
8273,brute_force,0.0003426121547818184,8192,7.844436913728714e-05,5,8,512,512,0
8273,fused_v1,0.00014377105981111526,8192,7.844436913728714e-05,5,8,512,512,0
8273,fused_v2,0.00019050110131502151,8192,7.844436913728714e-05,5,8,512,512,0
8273,fused_v3,0.0001378105953335762,8192,7.844436913728714e-05,5,8,512,512,0
8273,fused_v4,0.0001378105953335762,8192,7.844436913728714e-05,5,8,512,512,0
8785,brute_force,0.0003977096639573574,8192,6.606942042708397e-05,5,8,512,512,0
8785,fused_v1,0.00012662773951888084,8192,6.606942042708397e-05,5,8,512,512,0
8785,fused_v2,0.00016835099086165428,8192,6.606942042708397e-05,5,8,512,512,0
8785,fused_v3,0.00011661415919661522,8192,6.606942042708397e-05,5,8,512,512,0
8785,fused_v4,0.0001313961111009121,8192,6.606942042708397e-05,5,8,512,512,0
9297,brute_force,0.000509120523929596,8192,6.613880395889282e-05,5,8,512,512,0
9297,fused_v1,0.00013337284326553345,8192,6.613880395889282e-05,5,8,512,512,0
9297,fused_v2,0.00016889721155166626,8192,6.613880395889282e-05,5,8,512,512,0
9297,fused_v3,0.00012550503015518188,8192,6.613880395889282e-05,5,8,512,512,0
9297,fused_v4,0.00012526661157608032,8192,6.613880395889282e-05,5,8,512,512,0
9809,brute_force,0.0004677386023104191,8192,6.600329652428627e-05,5,8,512,512,0
9809,fused_v1,0.00012536952272057533,8192,6.600329652428627e-05,5,8,512,512,0
9809,fused_v2,0.0001725764013826847,8192,6.600329652428627e-05,5,8,512,512,0
9809,fused_v3,0.00011917063966393471,8192,6.600329652428627e-05,5,8,512,512,0
9809,fused_v4,0.00012656161561608315,8192,6.600329652428627e-05,5,8,512,512,0
10321,brute_force,0.000508040189743042,8192,6.601214408874512e-05,5,8,512,512,0
10321,fused_v1,0.00012108683586120605,8192,6.601214408874512e-05,5,8,512,512,0
10321,fused_v2,0.00017282366752624512,8192,6.601214408874512e-05,5,8,512,512,0
10321,fused_v3,0.00011774897575378418,8192,6.601214408874512e-05,5,8,512,512,0
10321,fused_v4,0.00012442469596862793,8192,6.601214408874512e-05,5,8,512,512,0
10833,brute_force,0.0005634832195937634,8192,6.971834227442741e-05,5,8,512,512,0
10833,fused_v1,0.00013313768431544304,8192,6.971834227442741e-05,5,8,512,512,0
10833,fused_v2,0.00018010614439845085,8192,6.971834227442741e-05,5,8,512,512,0
10833,fused_v3,0.00012312410399317741,8192,6.971834227442741e-05,5,8,512,512,0
10833,fused_v4,0.0001302766613662243,8192,6.971834227442741e-05,5,8,512,512,0
11345,brute_force,0.0005481643602252007,8192,6.679724901914597e-05,5,8,512,512,0
11345,fused_v1,0.00012401770800352097,8192,6.679724901914597e-05,5,8,512,512,0
11345,fused_v2,0.0001740856096148491,8192,6.679724901914597e-05,5,8,512,512,0
11345,fused_v3,0.00012735556811094284,8192,6.679724901914597e-05,5,8,512,512,0
11345,fused_v4,0.00012807082384824753,8192,6.679724901914597e-05,5,8,512,512,0
11857,brute_force,0.0006399350240826607,8192,6.62999227643013e-05,5,8,512,512,0
11857,fused_v1,0.0001387791708111763,8192,6.62999227643013e-05,5,8,512,512,0
11857,fused_v2,0.00017740298062562943,8192,6.62999227643013e-05,5,8,512,512,0
11857,fused_v3,0.00012781191617250443,8192,6.62999227643013e-05,5,8,512,512,0
11857,fused_v4,0.0001273350790143013,8192,6.62999227643013e-05,5,8,512,512,0
12369,brute_force,0.0007547070272266865,8192,6.639258936047554e-05,5,8,512,512,0
12369,fused_v1,0.00012790458276867867,8192,6.639258936047554e-05,5,8,512,512,0
12369,fused_v2,0.00018154876306653023,8192,6.639258936047554e-05,5,8,512,512,0
12369,fused_v3,0.0001200367696583271,8192,6.639258936047554e-05,5,8,512,512,0
12369,fused_v4,0.0001264740712940693,8192,6.639258936047554e-05,5,8,512,512,0
12881,brute_force,0.0010143471881747246,8192,6.68717548251152e-05,5,8,512,512,0
12881,fused_v1,0.00015437137335538864,8192,6.68717548251152e-05,5,8,512,512,0
12881,fused_v2,0.0002156449481844902,8192,6.68717548251152e-05,5,8,512,512,0
12881,fused_v3,0.00014268886297941208,8192,6.68717548251152e-05,5,8,512,512,0
12881,fused_v4,0.0001469803974032402,8192,6.68717548251152e-05,5,8,512,512,0
13393,brute_force,0.000995371025055647,8192,8.008209988474846e-05,5,8,512,512,0
13393,fused_v1,0.00015637604519724846,8192,8.008209988474846e-05,5,8,512,512,0
13393,fused_v2,0.0002240869216620922,8192,8.008209988474846e-05,5,8,512,512,0
13393,fused_v3,0.00015971390530467033,8192,8.008209988474846e-05,5,8,512,512,0
13393,fused_v4,0.0001668664626777172,8192,8.008209988474846e-05,5,8,512,512,0
13905,brute_force,0.00107163330540061,8192,7.885834202170372e-05,5,8,512,512,0
13905,fused_v1,0.00014537712559103966,8192,7.885834202170372e-05,5,8,512,512,0
13905,fused_v2,0.0002366914413869381,8192,7.885834202170372e-05,5,8,512,512,0
13905,fused_v3,0.00015443703159689903,8192,7.885834202170372e-05,5,8,512,512,0
13905,fused_v4,0.00015491386875510216,8192,7.885834202170372e-05,5,8,512,512,0
14417,brute_force,0.0010788165964186192,8192,6.88754953444004e-05,5,8,512,512,0
14417,fused_v1,0.00013873213902115822,8192,6.88754953444004e-05,5,8,512,512,0
14417,fused_v2,0.0002031051553785801,8192,6.88754953444004e-05,5,8,512,512,0
14417,fused_v3,0.0001325332559645176,8192,6.88754953444004e-05,5,8,512,512,0
14417,fused_v4,0.00013920897617936134,8192,6.88754953444004e-05,5,8,512,512,0
14929,brute_force,0.0012515927664935589,8192,6.736768409609795e-05,5,8,512,512,0
14929,fused_v1,0.00013841642066836357,8192,6.736768409609795e-05,5,8,512,512,0
14929,fused_v2,0.00020088208839297295,8192,6.736768409609795e-05,5,8,512,512,0
14929,fused_v3,0.00013984693214297295,8192,6.736768409609795e-05,5,8,512,512,0
14929,fused_v4,0.00014795316383242607,8192,6.736768409609795e-05,5,8,512,512,0
15441,brute_force,0.0010670986957848072,8192,6.860168650746346e-05,5,8,512,512,0
15441,fused_v1,0.0001332131214439869,8192,6.860168650746346e-05,5,8,512,512,0
15441,fused_v2,0.00020450027659535408,8192,6.860168650746346e-05,5,8,512,512,0
15441,fused_v3,0.00012510688975453377,8192,6.860168650746346e-05,5,8,512,512,0
15441,fused_v4,0.00013607414439320564,8192,6.860168650746346e-05,5,8,512,512,0
15953,brute_force,0.0010086107067763805,8192,6.781099364161491e-05,5,8,512,512,0
15953,fused_v1,0.00015650270506739616,8192,6.781099364161491e-05,5,8,512,512,0
15953,fused_v2,0.0002249288372695446,8192,6.781099364161491e-05,5,8,512,512,0
15953,fused_v3,0.00013671396300196648,8192,6.781099364161491e-05,5,8,512,512,0
15953,fused_v4,0.0001352834515273571,8192,6.781099364161491e-05,5,8,512,512,0
16465,brute_force,0.0010191495530307293,8192,6.73825852572918e-05,5,8,512,512,0
16465,fused_v1,0.00015369011089205742,8192,6.73825852572918e-05,5,8,512,512,0
16465,fused_v2,0.00019779754802584648,8192,6.73825852572918e-05,5,8,512,512,0
16465,fused_v3,0.00012531829997897148,8192,6.73825852572918e-05,5,8,512,512,0
16465,fused_v4,0.00013366295024752617,8192,6.73825852572918e-05,5,8,512,512,0
16977,brute_force,0.0010838918387889862,8192,6.775185465812683e-05,5,8,512,512,0
16977,fused_v1,0.0001740865409374237,8192,6.775185465812683e-05,5,8,512,512,0
16977,fused_v2,0.00022701546549797058,8192,6.775185465812683e-05,5,8,512,512,0
16977,fused_v3,0.00012926384806632996,8192,6.775185465812683e-05,5,8,512,512,0
16977,fused_v4,0.0001385621726512909,8192,6.775185465812683e-05,5,8,512,512,0
17489,brute_force,0.001255112700164318,8192,8.113961666822433e-05,5,8,512,512,0
17489,fused_v1,0.00016673188656568527,8192,8.113961666822433e-05,5,8,512,512,0
17489,fused_v2,0.00022657494992017746,8192,8.113961666822433e-05,5,8,512,512,0
17489,fused_v3,0.00014980416744947433,8192,8.113961666822433e-05,5,8,512,512,0
17489,fused_v4,0.00016291718930006027,8192,8.113961666822433e-05,5,8,512,512,0
18001,brute_force,0.0015071290545165539,8192,0.00020536361262202263,5,8,512,512,0
18001,fused_v1,0.00029119430109858513,8192,0.00020536361262202263,5,8,512,512,0
18001,fused_v2,0.0003548520617187023,8192,0.00020536361262202263,5,8,512,512,0
18001,fused_v3,0.00027593551203608513,8192,0.00020536361262202263,5,8,512,512,0
18001,fused_v4,0.00028094230219721794,8192,0.00020536361262202263,5,8,512,512,0
18513,brute_force,0.0017517944797873497,8192,6.832089275121689e-05,5,8,512,512,0
18513,fused_v1,0.00016631092876195908,8192,6.832089275121689e-05,5,8,512,512,0
18513,fused_v2,0.00024427380412817,8192,6.832089275121689e-05,5,8,512,512,0
18513,fused_v3,0.00014103855937719345,8192,6.832089275121689e-05,5,8,512,512,0
18513,fused_v4,0.00014413800090551376,8192,6.832089275121689e-05,5,8,512,512,0
19025,brute_force,0.0017195092514157295,8192,6.846059113740921e-05,5,8,512,512,0
19025,fused_v1,0.0001619206741452217,8192,6.846059113740921e-05,5,8,512,512,0
19025,fused_v2,0.00024751294404268265,8192,6.846059113740921e-05,5,8,512,512,0
19025,fused_v3,0.00013879407197237015,8192,6.846059113740921e-05,5,8,512,512,0
19025,fused_v4,0.00015214551240205765,8192,6.846059113740921e-05,5,8,512,512,0
19537,brute_force,0.0015806937590241432,8192,7.72261992096901e-05,5,8,512,512,0
19537,fused_v1,0.00016830209642648697,8192,7.72261992096901e-05,5,8,512,512,0
19537,fused_v2,0.0002367282286286354,8192,7.72261992096901e-05,5,8,512,512,0
19537,fused_v3,0.0001401687040925026,8192,7.72261992096901e-05,5,8,512,512,0
19537,fused_v4,0.00014922861009836197,8192,7.72261992096901e-05,5,8,512,512,0
20049,brute_force,0.0015997877344489098,8192,6.890203803777695e-05,5,8,512,512,0
20049,fused_v1,0.00016927625983953476,8192,6.890203803777695e-05,5,8,512,512,0
20049,fused_v2,0.00023746397346258163,8192,6.890203803777695e-05,5,8,512,512,0
20049,fused_v3,0.00013995077461004257,8192,6.890203803777695e-05,5,8,512,512,0
20049,fused_v4,0.00015091802924871445,8192,6.890203803777695e-05,5,8,512,512,0
20561,brute_force,0.001455303281545639,8192,7.366761565208435e-05,5,8,512,512,0
20561,fused_v1,0.0001668892800807953,8192,7.366761565208435e-05,5,8,512,512,0
20561,fused_v2,0.00021552667021751404,8192,7.366761565208435e-05,5,8,512,512,0
20561,fused_v3,0.00013732537627220154,8192,7.366761565208435e-05,5,8,512,512,0
20561,fused_v4,0.00014805421233177185,8192,7.366761565208435e-05,5,8,512,512,0
21073,brute_force,0.002268426585942507,8192,6.877677515149117e-05,5,8,512,512,0
21073,fused_v1,0.00016509788110852242,8192,6.877677515149117e-05,5,8,512,512,0
21073,fused_v2,0.00026785628870129585,8192,6.877677515149117e-05,5,8,512,512,0
21073,fused_v3,0.00016104476526379585,8192,6.877677515149117e-05,5,8,512,512,0
21073,fused_v4,0.0001619984395802021,8192,6.877677515149117e-05,5,8,512,512,0
21585,brute_force,0.0020537683740258217,8192,8.180830627679825e-05,5,8,512,512,0
21585,fused_v1,0.00017073843628168106,8192,8.180830627679825e-05,5,8,512,512,0
21585,fused_v2,0.00027182791382074356,8192,8.180830627679825e-05,5,8,512,512,0
21585,fused_v3,0.00015476439148187637,8192,8.180830627679825e-05,5,8,512,512,0
21585,fused_v4,0.00016763899475336075,8192,8.180830627679825e-05,5,8,512,512,0
22097,brute_force,0.001798340119421482,8192,6.909016519784927e-05,5,8,512,512,0
22097,fused_v1,0.0001515829935669899,8192,6.909016519784927e-05,5,8,512,512,0
22097,fused_v2,0.00023598317056894302,8192,6.909016519784927e-05,5,8,512,512,0
22097,fused_v3,0.00014085415750741959,8192,6.909016519784927e-05,5,8,512,512,0
22097,fused_v4,0.00014538411051034927,8192,6.909016519784927e-05,5,8,512,512,0
22609,brute_force,0.002093841787427664,8192,6.942963227629662e-05,5,8,512,512,0
22609,fused_v1,0.00016718124970793724,8192,6.942963227629662e-05,5,8,512,512,0
22609,fused_v2,0.00027208542451262474,8192,6.942963227629662e-05,5,8,512,512,0
22609,fused_v3,0.00015955185517668724,8192,6.942963227629662e-05,5,8,512,512,0
22609,fused_v4,0.00016002869233489037,8192,6.942963227629662e-05,5,8,512,512,0
23121,brute_force,0.0021645156666636467,8192,7.644575089216232e-05,5,8,512,512,0
23121,fused_v1,0.0001961318776011467,8192,7.644575089216232e-05,5,8,512,512,0
23121,fused_v2,0.0002662269398570061,8192,7.644575089216232e-05,5,8,512,512,0
23121,fused_v3,0.0001591769978404045,8192,7.644575089216232e-05,5,8,512,512,0
23121,fused_v4,0.00016442220658063889,8192,7.644575089216232e-05,5,8,512,512,0
23633,brute_force,0.002118524629622698,8192,8.195312693715096e-05,5,8,512,512,0
23633,fused_v1,0.00020998390391469002,8192,8.195312693715096e-05,5,8,512,512,0
23633,fused_v2,0.0002846089191734791,8192,8.195312693715096e-05,5,8,512,512,0
23633,fused_v3,0.0001839962787926197,8192,8.195312693715096e-05,5,8,512,512,0
23633,fused_v4,0.0001808968372642994,8192,8.195312693715096e-05,5,8,512,512,0
24145,brute_force,0.0017839684151113033,8192,7.808348163962364e-05,5,8,512,512,0
24145,fused_v1,0.00023782392963767052,8192,7.808348163962364e-05,5,8,512,512,0
24145,fused_v2,0.00024640699848532677,8192,7.808348163962364e-05,5,8,512,512,0
24145,fused_v3,0.00015890737995505333,8192,7.808348163962364e-05,5,8,512,512,0
24145,fused_v4,0.00016701361164450645,8192,7.808348163962364e-05,5,8,512,512,0
24657,brute_force,0.00204054219648242,8192,8.241040632128716e-05,5,8,512,512,0
24657,fused_v1,0.00020209653303027153,8192,8.241040632128716e-05,5,8,512,512,0
24657,fused_v2,0.00027076108381152153,8192,8.241040632128716e-05,5,8,512,512,0
24657,fused_v3,0.0001660953275859356,8192,8.241040632128716e-05,5,8,512,512,0
24657,fused_v4,0.00017610890790820122,8192,8.241040632128716e-05,5,8,512,512,0
25169,brute_force,0.0018657194450497627,8192,8.282531052827835e-05,5,8,512,512,0
25169,fused_v1,0.00017366278916597366,8192,8.282531052827835e-05,5,8,512,512,0
25169,fused_v2,0.0002294527366757393,8192,8.282531052827835e-05,5,8,512,512,0
25169,fused_v3,0.0001612650230526924,8192,8.282531052827835e-05,5,8,512,512,0
25169,fused_v4,0.0001646028831601143,8192,8.282531052827835e-05,5,8,512,512,0
25681,brute_force,0.0019626328721642494,8192,6.958935409784317e-05,5,8,512,512,0
25681,fused_v1,0.00018617603927850723,8192,6.958935409784317e-05,5,8,512,512,0
25681,fused_v2,0.0002162167802453041,8192,6.958935409784317e-05,5,8,512,512,0
25681,fused_v3,0.00015375111252069473,8192,6.958935409784317e-05,5,8,512,512,0
25681,fused_v4,0.0001501748338341713,8192,6.958935409784317e-05,5,8,512,512,0
26193,brute_force,0.0019418788142502308,8192,6.957771256566048e-05,5,8,512,512,0
26193,fused_v1,0.00018616439774632454,8192,6.957771256566048e-05,5,8,512,512,0
26193,fused_v2,0.00021429779008030891,8192,6.957771256566048e-05,5,8,512,512,0
26193,fused_v3,0.00014539482071995735,8192,6.957771256566048e-05,5,8,512,512,0
26193,fused_v4,0.00015183212235569954,8192,6.957771256566048e-05,5,8,512,512,0
26705,brute_force,0.0020081736147403717,8192,7.102265954017639e-05,5,8,512,512,0
26705,fused_v1,0.00016305223107337952,8192,7.102265954017639e-05,5,8,512,512,0
26705,fused_v2,0.00022337213158607483,8192,7.102265954017639e-05,5,8,512,512,0
26705,fused_v3,0.0001492239534854889,8192,7.102265954017639e-05,5,8,512,512,0
26705,fused_v4,0.00015566125512123108,8192,7.102265954017639e-05,5,8,512,512,0
27217,brute_force,0.0020843539386987686,8192,6.971694529056549e-05,5,8,512,512,0
27217,fused_v1,0.00018129684031009674,8192,6.971694529056549e-05,5,8,512,512,0
27217,fused_v2,0.00021896697580814362,8192,6.971694529056549e-05,5,8,512,512,0
27217,fused_v3,0.00015054084360599518,8192,6.971694529056549e-05,5,8,512,512,0
27217,fused_v4,0.0001662764698266983,8192,6.971694529056549e-05,5,8,512,512,0
27729,brute_force,0.002586992457509041,8192,7.048435509204865e-05,5,8,512,512,0
27729,fused_v1,0.0002533514052629471,8192,7.048435509204865e-05,5,8,512,512,0
27729,fused_v2,0.00025168247520923615,8192,7.048435509204865e-05,5,8,512,512,0
27729,fused_v3,0.00015965290367603302,8192,7.048435509204865e-05,5,8,512,512,0
27729,fused_v4,0.00016632862389087677,8192,7.048435509204865e-05,5,8,512,512,0
28241,brute_force,0.0025961860083043575,8192,7.467111572623253e-05,5,8,512,512,0
28241,fused_v1,0.00023226579651236534,8192,7.467111572623253e-05,5,8,512,512,0
28241,fused_v2,0.00026588281616568565,8192,7.467111572623253e-05,5,8,512,512,0
28241,fused_v3,0.00016312440857291222,8192,7.467111572623253e-05,5,8,512,512,0
28241,fused_v4,0.00016908487305045128,8192,7.467111572623253e-05,5,8,512,512,0
28753,brute_force,0.0026469919830560684,8192,7.707811892032623e-05,5,8,512,512,0
28753,fused_v1,0.00018746592104434967,8192,7.707811892032623e-05,5,8,512,512,0
28753,fused_v2,0.00024873949587345123,8192,7.707811892032623e-05,5,8,512,512,0
28753,fused_v3,0.00016743876039981842,8192,7.707811892032623e-05,5,8,512,512,0
28753,fused_v4,0.0001662466675043106,8192,7.707811892032623e-05,5,8,512,512,0
29265,brute_force,0.002313231583684683,8192,7.090484723448753e-05,5,8,512,512,0
29265,fused_v1,0.00020322715863585472,8192,7.090484723448753e-05,5,8,512,512,0
29265,fused_v2,0.00023374473676085472,8192,7.090484723448753e-05,5,8,512,512,0
29265,fused_v3,0.00015339767560362816,8192,7.090484723448753e-05,5,8,512,512,0
29265,fused_v4,0.00015721237286925316,8192,7.090484723448753e-05,5,8,512,512,0
29777,brute_force,0.002375123556703329,8192,7.22385011613369e-05,5,8,512,512,0
29777,fused_v1,0.00019144779071211815,8192,7.22385011613369e-05,5,8,512,512,0
29777,fused_v2,0.00023460155352950096,8192,7.22385011613369e-05,5,8,512,512,0
29777,fused_v3,0.0001542544923722744,8192,7.22385011613369e-05,5,8,512,512,0
29777,fused_v4,0.0001580691896378994,8192,7.22385011613369e-05,5,8,512,512,0
30289,brute_force,0.002464448567479849,8192,7.04876147210598e-05,5,8,512,512,0
30289,fused_v1,0.00016823923215270042,8192,7.04876147210598e-05,5,8,512,512,0
30289,fused_v2,0.00023118173703551292,8192,7.04876147210598e-05,5,8,512,512,0
30289,fused_v3,0.00015298044309020042,8192,7.04876147210598e-05,5,8,512,512,0
30289,fused_v4,0.00015655672177672386,8192,7.04876147210598e-05,5,8,512,512,0
30801,brute_force,0.0025037946179509163,8192,7.12098553776741e-05,5,8,512,512,0
30801,fused_v1,0.00021449942141771317,8192,7.12098553776741e-05,5,8,512,512,0
30801,fused_v2,0.00022880453616380692,8192,7.12098553776741e-05,5,8,512,512,0
30801,fused_v3,0.0001539411023259163,8192,7.12098553776741e-05,5,8,512,512,0
30801,fused_v4,0.00015727896243333817,8192,7.12098553776741e-05,5,8,512,512,0
31313,brute_force,0.0025615468621253967,8192,7.078796625137329e-05,5,8,512,512,0
31313,fused_v1,0.00016520172357559204,8192,7.078796625137329e-05,5,8,512,512,0
31313,fused_v2,0.00023172050714492798,8192,7.078796625137329e-05,5,8,512,512,0
31313,fused_v3,0.00015375763177871704,8192,7.078796625137329e-05,5,8,512,512,0
31313,fused_v4,0.00015924125909805298,8192,7.078796625137329e-05,5,8,512,512,0
31825,brute_force,0.0025827381759881973,8192,7.099844515323639e-05,5,8,512,512,0
31825,fused_v1,0.00018520094454288483,8192,7.099844515323639e-05,5,8,512,512,0
31825,fused_v2,0.00022501684725284576,8192,7.099844515323639e-05,5,8,512,512,0
31825,fused_v3,0.00015539862215518951,8192,7.099844515323639e-05,5,8,512,512,0
31825,fused_v4,0.00016708113253116608,8192,7.099844515323639e-05,5,8,512,512,0
32337,brute_force,0.002673049457371235,8192,7.64327123761177e-05,5,8,512,512,0
32337,fused_v1,0.0001954035833477974,8192,7.64327123761177e-05,5,8,512,512,0
32337,fused_v2,0.00024976301938295364,8192,7.64327123761177e-05,5,8,512,512,0
32337,fused_v3,0.00020064879208803177,8192,7.64327123761177e-05,5,8,512,512,0
32337,fused_v4,0.00018300581723451614,8192,7.64327123761177e-05,5,8,512,512,0
32849,brute_force,0.0027317525818943977,8192,7.624644786119461e-05,5,8,512,512,0
32849,fused_v1,0.0002009393647313118,8192,7.624644786119461e-05,5,8,512,512,0
32849,fused_v2,0.0002490999177098274,8192,7.624644786119461e-05,5,8,512,512,0
32849,fused_v3,0.0001677991822361946,8192,7.624644786119461e-05,5,8,512,512,0
32849,fused_v4,0.00016374606639146805,8192,7.624644786119461e-05,5,8,512,512,0
33361,brute_force,0.0028762253932654858,8192,7.361499592661858e-05,5,8,512,512,0
33361,fused_v1,0.0001987847499549389,8192,7.361499592661858e-05,5,8,512,512,0
33361,fused_v2,0.0002431306056678295,8192,7.361499592661858e-05,5,8,512,512,0
33361,fused_v3,0.00015968410298228264,8192,7.361499592661858e-05,5,8,512,512,0
33361,fused_v4,0.0001625451259315014,8192,7.361499592661858e-05,5,8,512,512,0
33873,brute_force,0.0028918846510350704,8192,7.258495315909386e-05,5,8,512,512,0
33873,fused_v1,0.00022970279678702354,8192,7.258495315909386e-05,5,8,512,512,0
33873,fused_v2,0.00028740009292960167,8192,7.258495315909386e-05,5,8,512,512,0
33873,fused_v3,0.00015960773453116417,8192,7.258495315909386e-05,5,8,512,512,0
33873,fused_v4,0.00016223033890128136,8192,7.258495315909386e-05,5,8,512,512,0
34385,brute_force,0.002977590076625347,8192,7.245969027280807e-05,5,8,512,512,0
34385,fused_v1,0.0002362532541155815,8192,7.245969027280807e-05,5,8,512,512,0
34385,fused_v2,0.000241975300014019,8192,7.245969027280807e-05,5,8,512,512,0
34385,fused_v3,0.00015972089022397995,8192,7.245969027280807e-05,5,8,512,512,0
34385,fused_v4,0.00015972089022397995,8192,7.245969027280807e-05,5,8,512,512,0
34897,brute_force,0.0029589603655040264,8192,7.218820974230766e-05,5,8,512,512,0
34897,fused_v1,0.00022048456594347954,8192,7.218820974230766e-05,5,8,512,512,0
34897,fused_v2,0.00024027330800890923,8192,7.218820974230766e-05,5,8,512,512,0
34897,fused_v3,0.0001623104326426983,8192,7.218820974230766e-05,5,8,512,512,0
34897,fused_v4,0.00016302568838000298,8192,7.218820974230766e-05,5,8,512,512,0
35409,brute_force,0.0030010035261511803,8192,7.203128188848495e-05,5,8,512,512,0
35409,fused_v1,0.00022128131240606308,8192,7.203128188848495e-05,5,8,512,512,0
35409,fused_v2,0.00024297740310430527,8192,7.203128188848495e-05,5,8,512,512,0
35409,fused_v3,0.0001614382490515709,8192,7.203128188848495e-05,5,8,512,512,0
35409,fused_v4,0.0001633455976843834,8192,7.203128188848495e-05,5,8,512,512,0
35921,brute_force,0.003048568032681942,8192,7.215049117803574e-05,5,8,512,512,0
35921,fused_v1,0.00025072600692510605,8192,7.215049117803574e-05,5,8,512,512,0
35921,fused_v2,0.0002471497282385826,8192,7.215049117803574e-05,5,8,512,512,0
35921,fused_v3,0.00016823317855596542,8192,7.215049117803574e-05,5,8,512,512,0
35921,fused_v4,0.00016346480697393417,8192,7.215049117803574e-05,5,8,512,512,0
36433,brute_force,0.00307889049872756,8192,7.243221625685692e-05,5,8,512,512,0
36433,fused_v1,0.00024194782599806786,8192,7.243221625685692e-05,5,8,512,512,0
36433,fused_v2,0.00028963154181838036,8192,7.243221625685692e-05,5,8,512,512,0
36433,fused_v3,0.00017066067084670067,8192,7.243221625685692e-05,5,8,512,512,0
36433,fused_v4,0.00016946857795119286,8192,7.243221625685692e-05,5,8,512,512,0
36945,brute_force,0.003103152848780155,8192,7.285270839929581e-05,5,8,512,512,0
36945,fused_v1,0.00023807678371667862,8192,7.285270839929581e-05,5,8,512,512,0
36945,fused_v2,0.0002597728744149208,8192,7.285270839929581e-05,5,8,512,512,0
36945,fused_v3,0.00016273651272058487,8192,7.285270839929581e-05,5,8,512,512,0
36945,fused_v4,0.00016607437282800674,8192,7.285270839929581e-05,5,8,512,512,0
37457,brute_force,0.0040604728274047375,8192,0.00017639575526118279,5,8,512,512,0
37457,fused_v1,0.00041696010157465935,8192,0.00017639575526118279,5,8,512,512,0
37457,fused_v2,0.00043984828516840935,8192,0.00017639575526118279,5,8,512,512,0
37457,fused_v3,0.0003060954622924328,8192,0.00017639575526118279,5,8,512,512,0
37457,fused_v4,0.00030871806666254997,8192,0.00017639575526118279,5,8,512,512,0
37969,brute_force,0.003871341235935688,8192,7.857847958803177e-05,5,8,512,512,0
37969,fused_v1,0.00019945669919252396,8192,7.857847958803177e-05,5,8,512,512,0
37969,fused_v2,0.000296969898045063,8192,7.857847958803177e-05,5,8,512,512,0
37969,fused_v3,0.00017203856259584427,8192,7.857847958803177e-05,5,8,512,512,0
37969,fused_v4,0.00017275381833314896,8192,7.857847958803177e-05,5,8,512,512,0
38481,brute_force,0.0037546399980783463,8192,7.369555532932281e-05,5,8,512,512,0
38481,fused_v1,0.0001819375902414322,8192,7.369555532932281e-05,5,8,512,512,0
38481,fused_v2,0.00028255023062229156,8192,7.369555532932281e-05,5,8,512,512,0
38481,fused_v3,0.00017764605581760406,8192,7.369555532932281e-05,5,8,512,512,0
38481,fused_v4,0.00016691721975803375,8192,7.369555532932281e-05,5,8,512,512,0
38993,brute_force,0.003563334234058857,8192,7.407832890748978e-05,5,8,512,512,0
38993,fused_v1,0.0002569453790783882,8192,7.407832890748978e-05,5,8,512,512,0
38993,fused_v2,0.0002934234216809273,8192,7.407832890748978e-05,5,8,512,512,0
38993,fused_v3,0.00017349887639284134,8192,7.407832890748978e-05,5,8,512,512,0
38993,fused_v4,0.00016896892338991165,8192,7.407832890748978e-05,5,8,512,512,0
39505,brute_force,0.004168140236288309,8192,7.449323311448097e-05,5,8,512,512,0
39505,fused_v1,0.0002645128406584263,8192,7.449323311448097e-05,5,8,512,512,0
39505,fused_v2,0.00029574567452073097,8192,7.449323311448097e-05,5,8,512,512,0
39505,fused_v3,0.00017749005928635597,8192,7.449323311448097e-05,5,8,512,512,0
39505,fused_v4,0.00018035108223557472,8192,7.449323311448097e-05,5,8,512,512,0
40017,brute_force,0.0035593146458268166,8192,7.81649723649025e-05,5,8,512,512,0
40017,fused_v1,0.00020643416792154312,8192,7.81649723649025e-05,5,8,512,512,0
40017,fused_v2,0.00025650206953287125,8192,7.81649723649025e-05,5,8,512,512,0
40017,fused_v3,0.00017329398542642593,8192,7.81649723649025e-05,5,8,512,512,0
40017,fused_v4,0.00017687026411294937,8192,7.81649723649025e-05,5,8,512,512,0
40529,brute_force,0.004032413475215435,8192,7.347296923398972e-05,5,8,512,512,0
40529,fused_v1,0.00022463034838438034,8192,7.347296923398972e-05,5,8,512,512,0
40529,fused_v2,0.0003068847581744194,8192,7.347296923398972e-05,5,8,512,512,0
40529,fused_v3,0.00017480086535215378,8192,7.347296923398972e-05,5,8,512,512,0
40529,fused_v4,0.0002682609483599663,8192,7.347296923398972e-05,5,8,512,512,0
41041,brute_force,0.003673737868666649,8192,7.504783570766449e-05,5,8,512,512,0
41041,fused_v1,0.00020832382142543793,8192,7.504783570766449e-05,5,8,512,512,0
41041,fused_v2,0.00029343925416469574,8192,7.504783570766449e-05,5,8,512,512,0
41041,fused_v3,0.00017327629029750824,8192,7.504783570766449e-05,5,8,512,512,0
41041,fused_v4,0.00017208419740200043,8192,7.504783570766449e-05,5,8,512,512,0
41553,brute_force,0.004537736531347036,8192,7.716333493590355e-05,5,8,512,512,0
41553,fused_v1,0.0002585998736321926,8192,7.716333493590355e-05,5,8,512,512,0
41553,fused_v2,0.0003043762408196926,8192,7.716333493590355e-05,5,8,512,512,0
41553,fused_v3,0.00017586862668395042,8192,7.716333493590355e-05,5,8,512,512,0
41553,fused_v4,0.00017586862668395042,8192,7.716333493590355e-05,5,8,512,512,0
42065,brute_force,0.0038048168644309044,8192,7.52350315451622e-05,5,8,512,512,0
42065,fused_v1,0.0002156635746359825,8192,7.52350315451622e-05,5,8,512,512,0
42065,fused_v2,0.00029767956584692,8192,7.52350315451622e-05,5,8,512,512,0
42065,fused_v3,0.00018323864787817,8192,7.52350315451622e-05,5,8,512,512,0
42065,fused_v4,0.00018753018230199814,8192,7.52350315451622e-05,5,8,512,512,0
42577,brute_force,0.004117454402148724,8192,8.221995085477829e-05,5,8,512,512,0
42577,fused_v1,0.00021263491362333298,8192,8.221995085477829e-05,5,8,512,512,0
42577,fused_v2,0.00031587015837430954,8192,8.221995085477829e-05,5,8,512,512,0
42577,fused_v3,0.00017973314970731735,8192,8.221995085477829e-05,5,8,512,512,0
42577,fused_v4,0.0001806868240237236,8192,8.221995085477829e-05,5,8,512,512,0
43089,brute_force,0.004458051174879074,8192,7.448717951774597e-05,5,8,512,512,0
43089,fused_v1,0.00019035860896110535,8192,7.448717951774597e-05,5,8,512,512,0
43089,fused_v2,0.0003038458526134491,8192,7.448717951774597e-05,5,8,512,512,0
43089,fused_v3,0.0001779608428478241,8192,7.448717951774597e-05,5,8,512,512,0
43089,fused_v4,0.00018225237727165222,8192,7.448717951774597e-05,5,8,512,512,0
43601,brute_force,0.004168353974819183,8192,7.470697164535522e-05,5,8,512,512,0
43601,fused_v1,0.00028618425130844116,8192,7.470697164535522e-05,5,8,512,512,0
43601,fused_v2,0.000298820436000824,8192,7.470697164535522e-05,5,8,512,512,0
43601,fused_v3,0.0001803264021873474,8192,7.470697164535522e-05,5,8,512,512,0
43601,fused_v4,0.0001741275191307068,8192,7.470697164535522e-05,5,8,512,512,0
44113,brute_force,0.004003631416708231,8192,7.377797737717628e-05,5,8,512,512,0
44113,fused_v1,0.0001951330341398716,8192,7.377797737717628e-05,5,8,512,512,0
44113,fused_v2,0.0002714269794523716,8192,7.377797737717628e-05,5,8,512,512,0
44113,fused_v3,0.00017391378059983253,8192,7.377797737717628e-05,5,8,512,512,0
44113,fused_v4,0.00017558271065354347,8192,7.377797737717628e-05,5,8,512,512,0
44625,brute_force,0.004053111653774977,8192,7.438240572810173e-05,5,8,512,512,0
44625,fused_v1,0.00020861206576228142,8192,7.438240572810173e-05,5,8,512,512,0
44625,fused_v2,0.0002665477804839611,8192,7.438240572810173e-05,5,8,512,512,0
44625,fused_v3,0.00017451820895075798,8192,7.438240572810173e-05,5,8,512,512,0
44625,fused_v4,0.0001749950461089611,8192,7.438240572810173e-05,5,8,512,512,0
45137,brute_force,0.00412272522225976,8192,7.390091195702553e-05,5,8,512,512,0
45137,fused_v1,0.00026201317086815834,8192,7.390091195702553e-05,5,8,512,512,0
45137,fused_v2,0.0002667815424501896,8192,7.390091195702553e-05,5,8,512,512,0
45137,fused_v3,0.00018738815560936928,8192,7.390091195702553e-05,5,8,512,512,0
45137,fused_v4,0.0001904875971376896,8192,7.390091195702553e-05,5,8,512,512,0
45649,brute_force,0.004968710243701935,8192,7.588416337966919e-05,5,8,512,512,0
45649,fused_v1,0.0002582743763923645,8192,7.588416337966919e-05,5,8,512,512,0
45649,fused_v2,0.00032217055559158325,8192,7.588416337966919e-05,5,8,512,512,0
45649,fused_v3,0.00019819289445877075,8192,7.588416337966919e-05,5,8,512,512,0
45649,fused_v4,0.00019366294145584106,8192,7.588416337966919e-05,5,8,512,512,0
46161,brute_force,0.005060683004558086,8192,8.011888712644577e-05,5,8,512,512,0
46161,fused_v1,0.00026727747172117233,8192,8.011888712644577e-05,5,8,512,512,0
46161,fused_v2,0.00032259058207273483,8192,8.011888712644577e-05,5,8,512,512,0
46161,fused_v3,0.00018311571329832077,8192,8.011888712644577e-05,5,8,512,512,0
46161,fused_v4,0.00018311571329832077,8192,8.011888712644577e-05,5,8,512,512,0
46673,brute_force,0.005138416774570942,8192,7.607508450746536e-05,5,8,512,512,0
46673,fused_v1,0.00025798846036195755,8192,7.607508450746536e-05,5,8,512,512,0
46673,fused_v2,0.00030757952481508255,8192,7.607508450746536e-05,5,8,512,512,0
46673,fused_v3,0.00017978716641664505,8192,7.607508450746536e-05,5,8,512,512,0
46673,fused_v4,0.00018360186368227005,8192,7.607508450746536e-05,5,8,512,512,0
47185,brute_force,0.00434839865192771,8192,7.569929584860802e-05,5,8,512,512,0
47185,fused_v1,0.00021779676899313927,8192,7.569929584860802e-05,5,8,512,512,0
47185,fused_v2,0.0002793087624013424,8192,7.569929584860802e-05,5,8,512,512,0
47185,fused_v3,0.00017702719196677208,8192,7.569929584860802e-05,5,8,512,512,0
47185,fused_v4,0.00017893454059958458,8192,7.569929584860802e-05,5,8,512,512,0
47697,brute_force,0.004370418842881918,8192,7.506972178816795e-05,5,8,512,512,0
47697,fused_v1,0.00025245314463973045,8192,7.506972178816795e-05,5,8,512,512,0
47697,fused_v2,0.00027844076976180077,8192,7.506972178816795e-05,5,8,512,512,0
47697,fused_v3,0.00017449026927351952,8192,7.506972178816795e-05,5,8,512,512,0
47697,fused_v4,0.00017568236216902733,8192,7.506972178816795e-05,5,8,512,512,0
48209,brute_force,0.004696378950029612,8192,7.511163130402565e-05,5,8,512,512,0
48209,fused_v1,0.0002622702158987522,8192,7.511163130402565e-05,5,8,512,512,0
48209,fused_v2,0.0003407099284231663,8192,7.511163130402565e-05,5,8,512,512,0
48209,fused_v3,0.0001778700388967991,8192,7.511163130402565e-05,5,8,512,512,0
48209,fused_v4,0.00017882371321320534,8192,7.511163130402565e-05,5,8,512,512,0
48721,brute_force,0.004800680559128523,8192,7.617799565196037e-05,5,8,512,512,0
48721,fused_v1,0.00019252626225352287,8192,7.617799565196037e-05,5,8,512,512,0
48721,fused_v2,0.00033581582829356194,8192,7.617799565196037e-05,5,8,512,512,0
48721,fused_v3,0.00018012849614024162,8192,7.617799565196037e-05,5,8,512,512,0
48721,fused_v4,0.00018036691471934319,8192,7.617799565196037e-05,5,8,512,512,0
49233,brute_force,0.004713286645710468,8192,7.628370076417923e-05,5,8,512,512,0
49233,fused_v1,0.00021051336079835892,8192,7.628370076417923e-05,5,8,512,512,0
49233,fused_v2,0.000338544137775898,8192,7.628370076417923e-05,5,8,512,512,0
49233,fused_v3,0.00019334722310304642,8192,7.628370076417923e-05,5,8,512,512,0
49233,fused_v4,0.00019430089741945267,8192,7.628370076417923e-05,5,8,512,512,0
49745,brute_force,0.005395993124693632,8192,9.165657684206963e-05,5,8,512,512,0
49745,fused_v1,0.0002804840914905071,8192,9.165657684206963e-05,5,8,512,512,0
49745,fused_v2,0.0003605927340686321,8192,9.165657684206963e-05,5,8,512,512,0
49745,fused_v3,0.00020609749481081963,8192,9.165657684206963e-05,5,8,512,512,0
49745,fused_v4,0.00020967377349734306,8192,9.165657684206963e-05,5,8,512,512,0
50257,brute_force,0.0058152275159955025,8192,8.79364088177681e-05,5,8,512,512,0
50257,fused_v1,0.00033803749829530716,8192,8.79364088177681e-05,5,8,512,512,0
50257,fused_v2,0.00036283303052186966,8192,8.79364088177681e-05,5,8,512,512,0
50257,fused_v3,0.00022216606885194778,8192,8.79364088177681e-05,5,8,512,512,0
50257,fused_v4,0.0002226429060101509,8192,8.79364088177681e-05,5,8,512,512,0
50769,brute_force,0.004895662888884544,8192,7.626973092556e-05,5,8,512,512,0
50769,fused_v1,0.00030491314828395844,8192,7.626973092556e-05,5,8,512,512,0
50769,fused_v2,0.00035831891000270844,8192,7.626973092556e-05,5,8,512,512,0
50769,fused_v3,0.00021383725106716156,8192,7.626973092556e-05,5,8,512,512,0
50769,fused_v4,0.00019237957894802094,8192,7.626973092556e-05,5,8,512,512,0
51281,brute_force,0.004715385381132364,8192,7.599825039505959e-05,5,8,512,512,0
51281,fused_v1,0.00032419199123978615,8192,7.599825039505959e-05,5,8,512,512,0
51281,fused_v2,0.00028723711147904396,8192,7.599825039505959e-05,5,8,512,512,0
51281,fused_v3,0.0002240561880171299,8192,7.599825039505959e-05,5,8,512,512,0
51281,fused_v4,0.00018948549404740334,8192,7.599825039505959e-05,5,8,512,512,0
51793,brute_force,0.005016262177377939,8192,7.622921839356422e-05,5,8,512,512,0
51793,fused_v1,0.0002099820412695408,8192,7.622921839356422e-05,5,8,512,512,0
51793,fused_v2,0.00034373486414551735,8192,7.622921839356422e-05,5,8,512,512,0
51793,fused_v3,0.0001890012063086033,8192,7.622921839356422e-05,5,8,512,512,0
51793,fused_v4,0.0001832791604101658,8192,7.622921839356422e-05,5,8,512,512,0
52305,brute_force,0.0049228183925151825,8192,7.81528651714325e-05,5,8,512,512,0
52305,fused_v1,0.0002777092158794403,8192,7.81528651714325e-05,5,8,512,512,0
52305,fused_v2,0.0003573410212993622,8192,7.81528651714325e-05,5,8,512,512,0
52305,fused_v3,0.00018377229571342468,8192,7.81528651714325e-05,5,8,512,512,0
52305,fused_v4,0.00018544122576713562,8192,7.81528651714325e-05,5,8,512,512,0
52817,brute_force,0.004974131006747484,8192,7.725181058049202e-05,5,8,512,512,0
52817,fused_v1,0.00021005095914006233,8192,7.725181058049202e-05,5,8,512,512,0
52817,fused_v2,0.0003426116891205311,8192,7.725181058049202e-05,5,8,512,512,0
52817,fused_v3,0.00018978537991642952,8192,7.725181058049202e-05,5,8,512,512,0
52817,fused_v4,0.0001950305886566639,8192,7.725181058049202e-05,5,8,512,512,0
53329,brute_force,0.0052635627798736095,8192,7.700501009821892e-05,5,8,512,512,0
53329,fused_v1,0.00032805977389216423,8192,7.700501009821892e-05,5,8,512,512,0
53329,fused_v2,0.0003287750296294689,8192,7.700501009821892e-05,5,8,512,512,0
53329,fused_v3,0.0001864391379058361,8192,7.700501009821892e-05,5,8,512,512,0
53329,fused_v4,0.00019144592806696892,8192,7.700501009821892e-05,5,8,512,512,0
53841,brute_force,0.005059322342276573,8192,7.8519806265831e-05,5,8,512,512,0
53841,fused_v1,0.0003002490848302841,8192,7.8519806265831e-05,5,8,512,512,0
53841,fused_v2,0.0002926196902990341,8192,7.8519806265831e-05,5,8,512,512,0
53841,fused_v3,0.0001884307712316513,8192,7.8519806265831e-05,5,8,512,512,0
53841,fused_v4,0.00019009970128536224,8192,7.8519806265831e-05,5,8,512,512,0
54353,brute_force,0.006069180555641651,8192,7.652956992387772e-05,5,8,512,512,0
54353,fused_v1,0.00021218974143266678,8192,7.652956992387772e-05,5,8,512,512,0
54353,fused_v2,0.0004003020003437996,8192,7.652956992387772e-05,5,8,512,512,0
54353,fused_v3,0.00025129038840532303,8192,7.652956992387772e-05,5,8,512,512,0
54353,fused_v4,0.00021433550864458084,8192,7.652956992387772e-05,5,8,512,512,0
54865,brute_force,0.005219502840191126,8192,7.752934470772743e-05,5,8,512,512,0
54865,fused_v1,0.0002825693227350712,8192,7.752934470772743e-05,5,8,512,512,0
54865,fused_v2,0.00034050503745675087,8192,7.752934470772743e-05,5,8,512,512,0
54865,fused_v3,0.00018815556541085243,8192,7.752934470772743e-05,5,8,512,512,0
54865,fused_v4,0.00018600979819893837,8192,7.752934470772743e-05,5,8,512,512,0
55377,brute_force,0.005556335207074881,8192,7.723784074187279e-05,5,8,512,512,0
55377,fused_v1,0.0002245805226266384,8192,7.723784074187279e-05,5,8,512,512,0
55377,fused_v2,0.0003595254383981228,8192,7.723784074187279e-05,5,8,512,512,0
55377,fused_v3,0.00018881773576140404,8192,7.723784074187279e-05,5,8,512,512,0
55377,fused_v4,0.0001897714100778103,8192,7.723784074187279e-05,5,8,512,512,0
55889,brute_force,0.005376944784075022,8192,7.761502638459206e-05,5,8,512,512,0
55889,fused_v1,0.00029624486342072487,8192,7.761502638459206e-05,5,8,512,512,0
55889,fused_v2,0.00035728001967072487,8192,7.761502638459206e-05,5,8,512,512,0
55889,fused_v3,0.00018895650282502174,8192,7.761502638459206e-05,5,8,512,512,0
55889,fused_v4,0.00018585706129670143,8192,7.761502638459206e-05,5,8,512,512,0
56401,brute_force,0.005424356088042259,8192,7.781945168972015e-05,5,8,512,512,0
56401,fused_v1,0.00030407868325710297,8192,7.781945168972015e-05,5,8,512,512,0
56401,fused_v2,0.0003820415586233139,8192,7.781945168972015e-05,5,8,512,512,0
56401,fused_v3,0.0002015586942434311,8192,7.781945168972015e-05,5,8,512,512,0
56401,fused_v4,0.0002015586942434311,8192,7.781945168972015e-05,5,8,512,512,0
56913,brute_force,0.0054662092588841915,8192,8.486350998282433e-05,5,8,512,512,0
56913,fused_v1,0.0003204210661351681,8192,8.486350998282433e-05,5,8,512,512,0
56913,fused_v2,0.000383125152438879,8192,8.486350998282433e-05,5,8,512,512,0
56913,fused_v3,0.00019334396347403526,8192,8.486350998282433e-05,5,8,512,512,0
56913,fused_v4,0.0001938208006322384,8192,8.486350998282433e-05,5,8,512,512,0
57425,brute_force,0.005519333761185408,8192,7.814494892954826e-05,5,8,512,512,0
57425,fused_v1,0.0002998742274940014,8192,7.814494892954826e-05,5,8,512,512,0
57425,fused_v2,0.00038594333454966545,8192,7.814494892954826e-05,5,8,512,512,0
57425,fused_v3,0.0001892480067908764,8192,7.814494892954826e-05,5,8,512,512,0
57425,fused_v4,0.00019210902974009514,8192,7.814494892954826e-05,5,8,512,512,0
57937,brute_force,0.005641506053507328,8192,8.086953312158585e-05,5,8,512,512,0
57937,fused_v1,0.0002794722095131874,8192,8.086953312158585e-05,5,8,512,512,0
57937,fused_v2,0.00037579331547021866,8192,8.086953312158585e-05,5,8,512,512,0
57937,fused_v3,0.00019531045109033585,8192,8.086953312158585e-05,5,8,512,512,0
57937,fused_v4,0.00019316468387842178,8192,8.086953312158585e-05,5,8,512,512,0
58449,brute_force,0.006059344857931137,8192,7.861480116844177e-05,5,8,512,512,0
58449,fused_v1,0.0003175102174282074,8192,7.861480116844177e-05,5,8,512,512,0
58449,fused_v2,0.0003785453736782074,8192,7.861480116844177e-05,5,8,512,512,0
58449,fused_v3,0.0001928173005580902,8192,7.861480116844177e-05,5,8,512,512,0
58449,fused_v4,0.00020068511366844177,8192,7.861480116844177e-05,5,8,512,512,0
58961,brute_force,0.006338728126138449,8192,7.857149466872215e-05,5,8,512,512,0
58961,fused_v1,0.00022233789786696434,8192,7.857149466872215e-05,5,8,512,512,0
58961,fused_v2,0.0003801709972321987,8192,7.857149466872215e-05,5,8,512,512,0
58961,fused_v3,0.00019515817984938622,8192,7.857149466872215e-05,5,8,512,512,0
58961,fused_v4,0.00019539659842848778,8192,7.857149466872215e-05,5,8,512,512,0
59473,brute_force,0.0057372404262423515,8192,7.861386984586716e-05,5,8,512,512,0
59473,fused_v1,0.00031131040304899216,8192,7.861386984586716e-05,5,8,512,512,0
59473,fused_v2,0.0003816438838839531,8192,7.861386984586716e-05,5,8,512,512,0
59473,fused_v3,0.00019496213644742966,8192,7.861386984586716e-05,5,8,512,512,0
59473,fused_v4,0.00019353162497282028,8192,7.861386984586716e-05,5,8,512,512,0
59985,brute_force,0.005885620601475239,8192,7.893610745668411e-05,5,8,512,512,0
59985,fused_v1,0.00031330157071352005,8192,7.893610745668411e-05,5,8,512,512,0
59985,fused_v2,0.00037314463406801224,8192,7.893610745668411e-05,5,8,512,512,0
59985,fused_v3,0.0001952843740582466,8192,7.893610745668411e-05,5,8,512,512,0
59985,fused_v4,0.00019552279263734818,8192,7.893610745668411e-05,5,8,512,512,0
60497,brute_force,0.006803372874855995,8192,7.877685129642487e-05,5,8,512,512,0
60497,fused_v1,0.00029311515390872955,8192,7.877685129642487e-05,5,8,512,512,0
60497,fused_v2,0.00041089393198490143,8192,7.877685129642487e-05,5,8,512,512,0
60497,fused_v3,0.00024018622934818268,8192,7.877685129642487e-05,5,8,512,512,0
60497,fused_v4,0.00021992065012454987,8192,7.877685129642487e-05,5,8,512,512,0
61009,brute_force,0.005900125950574875,8192,7.889792323112488e-05,5,8,512,512,0
61009,fused_v1,0.00025461241602897644,8192,7.889792323112488e-05,5,8,512,512,0
61009,fused_v2,0.0004050545394420624,8192,7.889792323112488e-05,5,8,512,512,0
61009,fused_v3,0.0002300553023815155,8192,7.889792323112488e-05,5,8,512,512,0
61009,fused_v4,0.00021241232752799988,8192,7.889792323112488e-05,5,8,512,512,0
61521,brute_force,0.006841377355158329,8192,7.934961467981339e-05,5,8,512,512,0
61521,fused_v1,0.000329689122736454,8192,7.934961467981339e-05,5,8,512,512,0
61521,fused_v2,0.00039883051067590714,8192,7.934961467981339e-05,5,8,512,512,0
61521,fused_v3,0.00020118150860071182,8192,7.934961467981339e-05,5,8,512,512,0
61521,fused_v4,0.00020356569439172745,8192,7.934961467981339e-05,5,8,512,512,0
62033,brute_force,0.006288703065365553,8192,9.721098467707634e-05,5,8,512,512,0
62033,fused_v1,0.0002679186873137951,8192,9.721098467707634e-05,5,8,512,512,0
62033,fused_v2,0.00041955290362238884,8192,9.721098467707634e-05,5,8,512,512,0
62033,fused_v3,0.00025027571246027946,8192,9.721098467707634e-05,5,8,512,512,0
62033,fused_v4,0.00022929487749934196,8192,9.721098467707634e-05,5,8,512,512,0
62545,brute_force,0.006426229607313871,8192,8.286489173769951e-05,5,8,512,512,0
62545,fused_v1,0.00031007779762148857,8192,8.286489173769951e-05,5,8,512,512,0
62545,fused_v2,0.00041569722816348076,8192,8.286489173769951e-05,5,8,512,512,0
62545,fused_v3,0.00022877706214785576,8192,8.286489173769951e-05,5,8,512,512,0
62545,fused_v4,0.00021208776161074638,8192,8.286489173769951e-05,5,8,512,512,0
63057,brute_force,0.006424968130886555,8192,8.041132241487503e-05,5,8,512,512,0
63057,fused_v1,0.00025183428078889847,8192,8.041132241487503e-05,5,8,512,512,0
63057,fused_v2,0.00040847528725862503,8192,8.041132241487503e-05,5,8,512,512,0
63057,fused_v3,0.00020033586770296097,8192,8.041132241487503e-05,5,8,512,512,0
63057,fused_v4,0.00020367372781038284,8192,8.041132241487503e-05,5,8,512,512,0
63569,brute_force,0.006958285346627235,8192,8.038617670536041e-05,5,8,512,512,0
63569,fused_v1,0.000332394614815712,8192,8.038617670536041e-05,5,8,512,512,0
63569,fused_v2,0.0004275236278772354,8192,8.038617670536041e-05,5,8,512,512,0
63569,fused_v3,0.0002406034618616104,8192,8.038617670536041e-05,5,8,512,512,0
63569,fused_v4,0.00021938420832157135,8192,8.038617670536041e-05,5,8,512,512,0
64081,brute_force,0.006200877483934164,8192,9.25934873521328e-05,5,8,512,512,0
64081,fused_v1,0.0003264821134507656,8192,9.25934873521328e-05,5,8,512,512,0
64081,fused_v2,0.0004104054532945156,8192,9.25934873521328e-05,5,8,512,512,0
64081,fused_v3,0.00020989542827010155,8192,9.25934873521328e-05,5,8,512,512,0
64081,fused_v4,0.0002089417539536953,8192,9.25934873521328e-05,5,8,512,512,0
64593,brute_force,0.006277015432715416,8192,8.027814328670502e-05,5,8,512,512,0
64593,fused_v1,0.00027411244809627533,8192,8.027814328670502e-05,5,8,512,512,0
64593,fused_v2,0.00037114880979061127,8192,8.027814328670502e-05,5,8,512,512,0
64593,fused_v3,0.00019376538693904877,8192,8.027814328670502e-05,5,8,512,512,0
64593,fused_v4,0.00019448064267635345,8192,8.027814328670502e-05,5,8,512,512,0
65105,brute_force,0.006415839772671461,8192,7.96276144683361e-05,5,8,512,512,0
65105,fused_v1,0.0003008800558745861,8192,7.96276144683361e-05,5,8,512,512,0
65105,fused_v2,0.000323291402310133,8192,7.96276144683361e-05,5,8,512,512,0
65105,fused_v3,0.0001947837881743908,8192,7.96276144683361e-05,5,8,512,512,0
65105,fused_v4,0.0001928764395415783,8192,7.96276144683361e-05,5,8,512,512,0
65617,brute_force,0.006567180622369051,8192,8.314894512295723e-05,5,8,512,512,0
65617,fused_v1,0.0002962951548397541,8192,8.314894512295723e-05,5,8,512,512,0
65617,fused_v2,0.00040024565532803535,8192,8.314894512295723e-05,5,8,512,512,0
65617,fused_v3,0.00019496725872159004,8192,8.314894512295723e-05,5,8,512,512,0
65617,fused_v4,0.0001959209330379963,8192,8.314894512295723e-05,5,8,512,512,0
66129,brute_force,0.00752632599323988,8192,9.720306843519211e-05,5,8,512,512,0
66129,fused_v1,0.00036852341145277023,8192,9.720306843519211e-05,5,8,512,512,0
66129,fused_v2,0.00041859131306409836,8192,9.720306843519211e-05,5,8,512,512,0
66129,fused_v3,0.00021259766072034836,8192,9.720306843519211e-05,5,8,512,512,0
66129,fused_v4,0.0002192733809351921,8192,9.720306843519211e-05,5,8,512,512,0
66641,brute_force,0.006381816230714321,8192,8.089002221822739e-05,5,8,512,512,0
66641,fused_v1,0.0002639954909682274,8192,8.089002221822739e-05,5,8,512,512,0
66641,fused_v2,0.0004044240340590477,8192,8.089002221822739e-05,5,8,512,512,0
66641,fused_v3,0.00019628461450338364,8192,8.089002221822739e-05,5,8,512,512,0
66641,fused_v4,0.0001991456374526024,8192,8.089002221822739e-05,5,8,512,512,0
67153,brute_force,0.007699791807681322,8192,8.112611249089241e-05,5,8,512,512,0
67153,fused_v1,0.00031239213421940804,8192,8.112611249089241e-05,5,8,512,512,0
67153,fused_v2,0.0004029911942780018,8192,8.112611249089241e-05,5,8,512,512,0
67153,fused_v3,0.00020152749493718147,8192,8.112611249089241e-05,5,8,512,512,0
67153,fused_v4,0.00019866647198796272,8192,8.112611249089241e-05,5,8,512,512,0
67665,brute_force,0.0065609910525381565,8192,8.101249113678932e-05,5,8,512,512,0
67665,fused_v1,0.00025052810087800026,8192,8.101249113678932e-05,5,8,512,512,0
67665,fused_v2,0.00040645385161042213,8192,8.101249113678932e-05,5,8,512,512,0
67665,fused_v3,0.00020427489653229713,8192,8.101249113678932e-05,5,8,512,512,0
67665,fused_v4,0.00019783759489655495,8192,8.101249113678932e-05,5,8,512,512,0
68177,brute_force,0.006974674761295319,8192,8.103996515274048e-05,5,8,512,512,0
68177,fused_v1,0.00022790580987930298,8192,8.103996515274048e-05,5,8,512,512,0
68177,fused_v2,0.00043866783380508423,8192,8.103996515274048e-05,5,8,512,512,0
68177,fused_v3,0.00024650245904922485,8192,8.103996515274048e-05,5,8,512,512,0
68177,fused_v4,0.00022933632135391235,8192,8.103996515274048e-05,5,8,512,512,0
68689,brute_force,0.006997875869274139,8192,8.111447095870972e-05,5,8,512,512,0
68689,fused_v1,0.0003431364893913269,8192,8.111447095870972e-05,5,8,512,512,0
68689,fused_v2,0.00041275471448898315,8192,8.111447095870972e-05,5,8,512,512,0
68689,fused_v3,0.00020699948072433472,8192,8.111447095870972e-05,5,8,512,512,0
68689,fused_v4,0.0002096220850944519,8192,8.111447095870972e-05,5,8,512,512,0
69201,brute_force,0.007373459171503782,8192,8.071167394518852e-05,5,8,512,512,0
69201,fused_v1,0.000330574344843626,8192,8.071167394518852e-05,5,8,512,512,0
69201,fused_v2,0.00044358475133776665,8192,8.071167394518852e-05,5,8,512,512,0
69201,fused_v3,0.00024450523778796196,8192,8.071167394518852e-05,5,8,512,512,0
69201,fused_v4,0.0002187560312449932,8192,8.071167394518852e-05,5,8,512,512,0
69713,brute_force,0.00684399576857686,8192,8.077593520283699e-05,5,8,512,512,0
69713,fused_v1,0.00031943293288350105,8192,8.077593520283699e-05,5,8,512,512,0
69713,fused_v2,0.0004138466902077198,8192,8.077593520283699e-05,5,8,512,512,0
69713,fused_v3,0.0002047535963356495,8192,8.077593520283699e-05,5,8,512,512,0
69713,fused_v4,0.00020260782912373543,8192,8.077593520283699e-05,5,8,512,512,0
70225,brute_force,0.007187523413449526,8192,9.743170812726021e-05,5,8,512,512,0
70225,fused_v1,0.00033871131017804146,8192,9.743170812726021e-05,5,8,512,512,0
70225,fused_v2,0.00044051604345440865,8192,9.743170812726021e-05,5,8,512,512,0
70225,fused_v3,0.0002271314151585102,8192,9.743170812726021e-05,5,8,512,512,0
70225,fused_v4,0.00022689299657940865,8192,9.743170812726021e-05,5,8,512,512,0
70737,brute_force,0.007379002403467894,8192,9.48379747569561e-05,5,8,512,512,0
70737,fused_v1,0.00027198297902941704,8192,9.48379747569561e-05,5,8,512,512,0
70737,fused_v2,0.0004202793352305889,8192,9.48379747569561e-05,5,8,512,512,0
70737,fused_v3,0.0002176235429942608,8192,9.48379747569561e-05,5,8,512,512,0
70737,fused_v4,0.0002176235429942608,8192,9.48379747569561e-05,5,8,512,512,0
71249,brute_force,0.0071940128691494465,8192,8.103298023343086e-05,5,8,512,512,0
71249,fused_v1,0.0003511612303555012,8192,8.103298023343086e-05,5,8,512,512,0
71249,fused_v2,0.0004245941527187824,8192,8.103298023343086e-05,5,8,512,512,0
71249,fused_v3,0.00020119594410061836,8192,8.103298023343086e-05,5,8,512,512,0
71249,fused_v4,0.00019738124683499336,8192,8.103298023343086e-05,5,8,512,512,0
71761,brute_force,0.007287395652383566,8192,8.190935477614403e-05,5,8,512,512,0
71761,fused_v1,0.0003479844890534878,8192,8.190935477614403e-05,5,8,512,512,0
71761,fused_v2,0.0004469281993806362,8192,8.190935477614403e-05,5,8,512,512,0
71761,fused_v3,0.00019944971427321434,8192,8.190935477614403e-05,5,8,512,512,0
71761,fused_v4,0.00019921129569411278,8192,8.190935477614403e-05,5,8,512,512,0
